SUSP_AGE_45-64,VIC_SEX_F,SEASON_Summer,VIC_RACE_WHITE,VIC_RACE_ASIAN / PACIFIC ISLANDER,TIME_PERIOD_Early morning,SEASON_Spring,VIC_RACE_BLACK,TIME_PERIOD_Night,VIC_AGE_65+,SUSP_AGE_65+,SUSP_RACE_BLACK,VIC_AGE_25-44,PREM_TYP_DESC_FREQ,DURATION_STATE
False,True,1,True,False,0,0,False,0,True,False,False,False,0.15091559671648075,4
False,True,0,False,False,0,1,False,0,False,False,False,True,0.16417596295516734,0
False,True,0,False,False,0,1,False,0,False,False,False,False,0.16417596295516734,0
False,False,0,False,False,0,0,True,0,False,False,False,True,0.16417596295516734,5
False,False,0,False,False,0,0,False,0,False,False,True,False,0.017470006314460114,5
False,False,1,False,False,0,0,True,0,False,False,False,False,0.01178699221216586,2
False,False,1,False,False,0,0,False,0,True,False,False,False,0.350873500315723,1
False,False,0,False,False,0,0,False,1,False,False,False,False,0.0545148389812671,4
False,False,0,False,False,0,0,False,0,False,False,False,False,0.15091559671648075,5
False,False,1,True,False,0,0,False,0,False,False,False,False,0.15091559671648075,1
False,False,1,False,False,1,0,True,0,False,False,False,False,0.16417596295516734,5
False,False,0,False,False,0,1,False,0,False,False,False,True,0.02252157440538834,4
False,False,1,False,False,0,0,False,1,False,False,False,True,0.15091559671648075,0
True,True,0,False,True,1,0,False,0,False,False,False,True,0.350873500315723,1
False,True,1,True,False,0,0,False,0,True,False,False,False,0.15091559671648075,4
True,True,0,True,False,0,1,False,1,False,False,False,False,0.16417596295516734,1
False,False,1,True,False,0,0,False,0,False,False,False,False,0.350873500315723,4
False,False,0,False,False,0,0,False,0,False,False,False,False,0.0545148389812671,5
False,True,0,True,False,0,0,False,0,False,False,False,True,0.350873500315723,1
False,True,1,True,False,1,0,False,0,False,False,False,True,0.350873500315723,2
False,False,0,False,False,0,1,False,0,False,False,False,True,0.029677962534203326,1
False,True,0,False,False,0,1,False,0,False,False,False,True,0.01178699221216586,1
False,True,0,True,False,0,1,False,0,True,False,False,False,0.350873500315723,4
False,True,1,False,False,0,0,True,0,False,False,True,True,0.350873500315723,2
False,True,1,False,False,0,0,False,0,False,False,False,False,0.350873500315723,0
False,True,1,False,False,0,0,False,1,False,False,False,False,0.350873500315723,1
False,True,0,False,False,0,1,True,0,False,False,False,False,0.16417596295516734,3
False,False,1,True,False,0,0,False,0,False,False,False,False,0.350873500315723,1
False,False,0,False,False,0,1,False,0,False,False,False,False,0.15091559671648075,1
False,False,0,False,False,0,1,False,0,False,True,False,False,0.029677962534203326,1
False,False,1,True,False,0,0,False,0,False,False,False,True,0.350873500315723,1
False,True,0,False,False,0,0,True,0,False,False,False,False,0.350873500315723,0
False,False,1,False,False,0,0,False,0,False,False,False,False,0.15091559671648075,3
False,True,0,False,False,1,0,True,0,False,False,True,False,0.0545148389812671,2
False,True,0,False,True,0,0,False,0,False,False,False,False,0.16417596295516734,5
False,False,0,True,False,1,0,False,0,False,False,False,False,0.350873500315723,5
False,True,1,False,True,0,0,False,0,False,False,False,False,0.00021048200378867606,2
False,True,0,True,False,0,1,False,1,True,False,False,False,0.350873500315723,4
False,False,0,False,False,0,0,False,0,False,False,False,False,0.16417596295516734,1
False,True,1,False,False,0,0,False,0,False,False,True,False,0.15091559671648075,1
False,False,0,False,False,0,0,True,1,False,False,False,True,0.0545148389812671,1
False,False,0,False,False,0,1,False,0,True,False,False,False,0.350873500315723,2
False,False,0,False,False,0,0,True,0,False,False,False,False,0.012418438223531888,2
False,False,0,False,False,0,1,False,1,False,False,False,False,0.15091559671648075,4
False,False,1,False,False,0,0,False,0,False,False,False,False,0.006314460113660282,1
False,True,1,False,False,0,0,True,0,False,False,True,False,0.0545148389812671,1
False,False,0,True,False,0,0,False,0,False,False,False,True,0.16417596295516734,5
False,False,0,True,False,1,0,False,0,False,False,False,True,0.16417596295516734,1
False,False,0,False,False,0,1,False,0,False,False,False,False,0.011576510208377183,1
True,True,1,True,False,0,0,False,0,False,False,False,True,0.16417596295516734,1
False,True,1,True,False,0,0,False,0,False,False,False,False,0.16417596295516734,3
False,False,0,False,True,1,0,False,0,True,False,False,False,0.16417596295516734,3
False,False,1,False,False,0,0,False,1,False,False,False,False,0.02252157440538834,2
False,False,0,False,True,0,0,False,0,False,False,False,False,0.350873500315723,1
False,True,0,False,False,0,0,False,1,False,False,False,False,0.350873500315723,4
False,True,1,True,False,0,0,False,1,False,False,False,False,0.350873500315723,3
False,True,1,False,False,0,0,False,0,False,False,True,False,0.15091559671648075,5
False,False,0,False,False,0,0,False,0,False,False,False,False,0.005262050094716902,5
False,True,1,False,False,0,0,False,0,False,False,False,True,0.350873500315723,4
False,True,1,False,False,0,0,False,1,False,False,True,False,0.15091559671648075,4
False,False,1,False,False,0,0,True,0,True,False,False,False,0.16417596295516734,4
False,False,0,False,False,0,1,False,0,False,False,False,False,0.005262050094716902,4
False,False,1,False,False,0,0,False,0,False,False,False,False,0.03641338665544096,1
False,True,1,True,False,0,0,False,0,False,False,False,True,0.029677962534203326,4
False,False,1,True,False,0,0,False,0,False,False,False,False,0.16417596295516734,4
False,False,1,False,False,1,0,True,0,False,False,False,False,0.350873500315723,1
False,True,1,False,False,1,0,False,0,False,False,False,False,0.15091559671648075,1
False,True,1,False,False,0,0,False,0,True,False,False,False,0.350873500315723,1
False,True,1,True,False,0,0,False,0,False,False,False,True,0.16417596295516734,1
False,True,1,False,False,0,0,False,0,False,False,False,False,0.16417596295516734,0
False,True,0,True,False,1,1,False,0,False,False,False,True,0.350873500315723,1
False,True,1,False,True,0,0,False,0,True,False,False,False,0.350873500315723,4
False,False,1,False,True,0,0,False,0,False,False,False,True,0.16417596295516734,1
False,True,1,False,False,0,0,False,0,True,False,False,False,0.0545148389812671,0
False,True,1,False,False,1,0,True,0,False,False,True,True,0.350873500315723,1
False,False,0,True,False,0,0,False,0,False,False,False,False,0.15091559671648075,1
False,False,1,True,False,0,0,False,0,False,False,False,True,0.350873500315723,2
False,False,1,True,False,0,0,False,1,False,False,False,False,0.15091559671648075,2
False,True,1,False,False,0,0,False,0,False,False,False,True,0.350873500315723,0
False,False,1,True,False,0,0,False,0,False,False,True,False,0.15091559671648075,5
False,True,0,False,False,1,1,True,0,False,False,False,False,0.01178699221216586,3
False,True,0,False,False,0,1,False,0,True,False,False,False,0.350873500315723,4
False,True,1,False,False,0,0,True,0,False,False,True,True,0.350873500315723,1
False,False,0,True,False,0,1,False,0,True,False,False,False,0.16417596295516734,3
False,False,0,False,False,0,1,False,0,False,False,False,False,0.0027362660492527887,3
False,True,0,False,True,0,1,False,1,False,False,False,False,0.16417596295516734,4
False,False,1,False,False,0,0,True,1,False,False,True,True,0.350873500315723,1
False,False,0,False,False,1,0,False,0,False,False,False,False,0.350873500315723,4
False,False,0,True,False,0,1,False,1,False,False,True,True,0.350873500315723,1
False,True,1,False,False,0,0,True,0,False,False,True,False,0.350873500315723,1
False,False,0,True,False,0,0,False,0,False,False,False,False,0.02252157440538834,1
False,False,1,True,False,0,0,False,0,False,False,False,True,0.350873500315723,3
False,True,1,False,False,0,0,False,0,False,False,False,False,0.16417596295516734,4
False,False,1,True,False,0,0,False,1,False,False,False,True,0.15091559671648075,1
False,False,1,True,False,0,0,False,0,False,False,False,False,0.15091559671648075,1
False,False,0,False,False,0,1,False,1,False,False,True,False,0.003578194064407493,3
False,False,0,True,False,0,0,False,0,True,False,False,False,0.350873500315723,3
False,False,0,False,False,0,1,True,1,False,False,False,True,0.350873500315723,3
False,False,1,False,False,1,0,False,0,False,False,True,False,0.15091559671648075,4
False,False,1,False,False,0,0,True,0,False,False,False,False,0.16417596295516734,4
False,True,0,False,False,0,1,False,0,False,False,False,False,0.350873500315723,4
False,True,1,False,False,0,0,False,0,False,False,False,False,0.15091559671648075,2
False,True,1,False,False,0,0,True,0,False,False,False,True,0.0545148389812671,1
False,False,0,False,False,0,1,False,0,False,False,False,True,0.350873500315723,1
False,True,1,False,True,0,0,False,0,False,False,False,False,0.15091559671648075,1
False,True,0,False,False,0,0,False,0,False,False,False,False,0.350873500315723,5
False,False,1,False,False,0,0,False,1,False,False,False,False,0.002104820037886761,5
False,True,1,False,False,0,0,False,1,False,False,False,False,0.15091559671648075,2
False,False,1,False,False,0,0,False,1,False,False,False,True,0.350873500315723,1
False,False,0,False,False,0,1,False,0,True,False,False,False,0.0545148389812671,1
True,True,1,True,False,0,0,False,1,False,False,True,False,0.350873500315723,1
False,False,1,False,False,0,0,False,0,False,False,False,True,0.350873500315723,5
False,False,0,False,False,0,0,False,1,False,False,False,True,0.15091559671648075,0
False,True,1,False,False,0,0,True,0,False,False,False,True,0.350873500315723,1
False,False,0,False,False,0,0,False,0,False,False,False,False,0.03641338665544096,0
False,True,1,False,True,0,0,False,0,False,False,False,False,0.350873500315723,1
False,True,1,True,False,0,0,False,1,False,False,False,False,0.15091559671648075,2
False,False,1,False,False,0,0,True,0,True,False,True,False,0.15091559671648075,1
False,True,1,False,True,0,0,False,1,False,False,False,False,0.350873500315723,3
False,False,1,True,False,0,0,False,0,False,False,False,True,0.15091559671648075,5
False,False,1,False,False,0,0,False,0,False,False,False,False,0.003367712060618817,4
False,True,0,False,False,0,1,True,0,False,False,False,True,0.350873500315723,4
False,False,0,False,False,0,1,False,0,True,False,False,False,0.02252157440538834,1
False,True,1,False,False,0,0,True,0,False,True,True,False,0.029677962534203326,1
False,True,0,False,False,0,1,False,1,False,False,False,False,0.350873500315723,1
True,False,0,False,False,0,0,False,0,False,False,True,False,0.03641338665544096,1
True,False,1,False,False,0,0,False,0,False,False,True,False,0.350873500315723,5
False,False,1,False,False,1,0,False,0,False,False,False,False,0.02252157440538834,3
True,False,0,False,False,0,0,True,0,False,False,True,False,0.15091559671648075,1
False,True,0,False,False,0,1,False,0,False,False,False,True,0.003578194064407493,4
False,True,1,False,False,0,0,True,0,False,False,False,False,0.029677962534203326,1
False,True,0,False,False,0,0,True,0,False,False,False,True,0.350873500315723,4
False,True,1,False,False,0,0,False,0,False,False,True,True,0.350873500315723,5
False,False,1,False,False,0,0,False,0,False,False,False,False,0.16417596295516734,1
False,True,0,True,False,0,0,False,0,False,False,False,True,0.350873500315723,4
False,False,0,False,True,0,1,False,0,False,False,False,True,0.16417596295516734,4
False,True,0,False,False,1,1,True,0,False,False,False,False,0.0545148389812671,2
False,True,1,True,False,0,0,False,1,False,False,False,True,0.00021048200378867606,1
False,False,1,False,False,0,0,False,1,False,False,False,False,0.029677962534203326,5
False,True,1,False,False,0,0,True,1,False,False,False,False,0.15091559671648075,1
False,True,1,False,False,0,0,True,0,False,False,False,False,0.350873500315723,1
False,True,1,False,False,1,0,False,0,False,False,False,True,0.16417596295516734,0
False,True,0,False,True,0,0,False,0,True,True,False,False,0.15091559671648075,3
False,False,1,False,False,0,0,False,0,False,False,False,True,0.0025257840454641126,3
False,True,1,False,False,0,0,False,0,False,False,False,True,0.003578194064407493,0
False,True,1,False,False,1,0,False,0,False,False,False,True,0.005262050094716902,0
False,False,0,False,False,0,0,True,0,False,False,False,True,0.16417596295516734,5
False,False,1,False,False,0,0,False,0,False,False,True,False,0.017470006314460114,3
False,False,1,False,True,0,0,False,0,False,False,False,True,0.16417596295516734,3
True,False,0,True,False,0,1,False,0,False,False,False,True,0.350873500315723,4
False,False,0,False,True,0,1,False,0,False,False,False,True,0.15091559671648075,1
False,True,1,True,False,0,0,False,0,False,False,False,False,0.350873500315723,2
False,True,1,False,False,0,0,False,0,False,False,False,False,0.350873500315723,2
False,True,1,False,False,0,0,True,1,False,False,False,True,0.350873500315723,1
False,True,1,False,False,0,0,False,1,False,False,False,True,0.16417596295516734,1
False,True,1,False,False,0,0,True,1,True,False,False,False,0.15091559671648075,1
False,True,1,False,False,0,0,False,0,False,False,False,False,0.16417596295516734,4
False,True,1,False,False,0,0,False,1,False,False,False,False,0.0545148389812671,1
False,True,1,True,False,0,0,False,0,False,False,False,True,0.350873500315723,2
False,True,0,False,False,0,1,True,0,False,False,True,True,0.02252157440538834,1
False,False,0,False,True,0,1,False,0,False,False,False,True,0.350873500315723,4
False,False,0,False,False,0,0,False,0,False,False,True,False,0.017470006314460114,1
False,False,1,False,False,0,0,False,0,False,False,True,False,0.009261208166701748,2
False,False,1,False,False,1,0,False,0,False,False,True,False,0.0545148389812671,5
False,True,1,True,False,0,0,False,0,False,False,False,True,0.350873500315723,1
False,False,1,False,False,0,0,False,0,False,False,False,False,0.16417596295516734,4
False,False,0,True,False,0,1,False,0,True,False,False,False,0.15091559671648075,4
False,False,1,False,False,0,0,False,0,False,False,False,False,0.350873500315723,4
False,True,1,False,True,0,0,False,0,False,False,False,True,0.002104820037886761,1
False,True,1,False,False,0,0,False,1,False,False,True,False,0.006103978109871606,1
False,False,1,True,False,0,0,False,0,False,False,False,False,0.350873500315723,3
False,False,0,False,False,0,1,False,0,True,False,False,False,0.0545148389812671,1
False,False,1,False,False,0,0,False,1,False,False,True,False,0.011576510208377183,1
False,True,1,False,False,0,0,True,0,False,False,True,True,0.350873500315723,2
False,True,1,True,False,0,0,False,0,True,False,False,False,0.15091559671648075,1
False,True,1,True,False,0,0,False,1,False,False,False,False,0.0025257840454641126,4
False,True,1,False,False,0,0,True,1,False,False,False,False,0.16417596295516734,0
False,True,1,False,False,0,0,True,0,False,False,False,True,0.350873500315723,1
False,False,1,False,False,0,0,True,0,False,False,False,True,0.0545148389812671,1
False,False,1,True,False,0,0,False,1,False,False,False,True,0.006103978109871606,1
False,False,0,False,False,1,1,True,0,False,False,False,False,0.16417596295516734,4
False,False,0,True,False,0,1,False,0,True,False,False,False,0.350873500315723,3
False,True,1,False,True,0,0,False,0,False,False,False,True,0.007787834140181015,3
False,False,1,True,False,0,0,False,0,False,False,False,True,0.350873500315723,3
False,True,1,False,False,1,0,True,0,False,False,False,True,0.0545148389812671,3
False,False,0,False,False,1,1,False,0,False,False,False,False,0.029677962534203326,4
False,True,1,False,False,0,0,False,1,False,False,False,False,0.15091559671648075,1
False,True,1,False,False,0,0,True,0,True,False,False,False,0.16417596295516734,4
False,True,0,False,False,0,1,True,0,False,False,False,False,0.0545148389812671,4
False,True,1,False,False,0,0,True,0,False,False,False,True,0.350873500315723,1
False,False,1,False,False,0,0,True,0,True,False,False,False,0.16417596295516734,1
True,False,0,True,False,0,0,False,0,False,False,False,True,0.16417596295516734,5
False,False,1,False,False,0,0,False,0,False,False,False,True,0.350873500315723,4
False,False,1,True,False,0,0,False,1,False,False,False,True,0.350873500315723,5
False,True,1,False,False,1,0,False,0,False,False,False,False,0.350873500315723,5
False,False,1,False,False,0,0,False,0,False,False,False,True,0.350873500315723,3
False,False,0,False,False,0,1,True,0,False,False,True,False,0.0545148389812671,3
False,True,0,True,False,0,1,False,0,False,False,False,True,0.350873500315723,4
False,False,1,False,False,0,0,True,0,False,False,True,True,0.350873500315723,0
False,False,0,False,False,0,0,True,0,False,False,False,True,0.15091559671648075,5
False,False,0,False,False,0,1,False,0,False,False,False,False,0.011576510208377183,4
False,True,1,False,False,0,0,False,1,False,False,False,False,0.350873500315723,1
True,True,1,False,False,1,0,False,0,False,False,False,True,0.350873500315723,4
True,False,0,False,False,0,0,False,0,False,False,True,False,0.03641338665544096,1
False,False,0,False,False,0,0,False,0,False,False,False,False,0.350873500315723,5
False,False,0,False,False,1,0,False,0,False,False,False,False,0.003367712060618817,4
False,False,1,False,True,0,0,False,1,True,False,False,False,0.15091559671648075,3
False,False,1,False,False,0,0,False,1,False,False,False,True,0.15091559671648075,2
False,False,1,False,False,1,0,False,0,False,False,False,False,0.15091559671648075,5
False,False,0,False,False,0,1,False,0,False,False,False,False,0.011576510208377183,0
False,True,1,True,False,0,0,False,0,False,False,False,False,0.16417596295516734,4
True,False,0,False,False,0,0,True,0,False,False,True,True,0.350873500315723,5
True,True,1,False,False,0,0,True,0,False,False,True,False,0.0545148389812671,1
False,True,1,True,False,0,0,False,0,False,False,False,True,0.16417596295516734,2
False,False,1,False,False,0,0,False,1,False,False,False,False,0.15091559671648075,1
False,False,1,False,False,0,0,False,0,False,False,False,False,0.03641338665544096,1
False,True,1,True,False,0,0,False,0,True,False,False,False,0.16417596295516734,3
False,False,0,False,False,0,1,True,1,False,False,True,False,0.003367712060618817,2
True,False,0,False,False,0,1,False,1,False,False,False,True,0.006103978109871606,0
False,True,0,False,True,1,0,False,0,True,False,False,False,0.350873500315723,4
False,False,0,False,False,0,1,False,1,False,False,False,False,0.350873500315723,1
False,True,1,False,False,0,0,False,1,False,False,False,False,0.004420122079562197,1
False,False,1,False,False,0,0,False,0,False,False,False,True,0.350873500315723,1
False,True,1,False,False,1,0,True,0,False,False,True,False,0.0545148389812671,1
False,True,0,False,False,0,1,False,0,False,False,False,False,0.00484108608713955,1
False,True,0,False,False,1,1,False,0,False,False,False,True,0.16417596295516734,1
False,False,0,False,False,0,1,True,0,False,False,True,True,0.350873500315723,1
False,False,1,True,False,0,0,False,1,False,False,False,True,0.16417596295516734,1
False,True,1,True,False,0,0,False,0,False,False,False,True,0.16417596295516734,4
False,False,0,False,False,1,0,True,0,False,False,True,True,0.0545148389812671,5
False,False,1,True,False,0,0,False,0,True,False,False,False,0.350873500315723,1
False,True,1,True,False,0,0,False,1,False,False,False,True,0.16417596295516734,0
False,False,0,True,False,0,1,False,0,True,False,False,False,0.16417596295516734,4
False,False,1,False,False,0,0,False,0,False,False,False,False,0.029677962534203326,1
False,True,1,True,False,0,0,False,1,False,False,False,True,0.350873500315723,3
False,False,1,False,False,0,0,False,0,False,False,True,False,0.03641338665544096,1
False,False,0,False,False,0,1,True,0,False,False,True,False,0.0025257840454641126,1
False,False,1,False,False,0,0,False,0,False,False,False,False,0.350873500315723,1
False,True,1,False,False,0,0,True,0,False,False,True,True,0.350873500315723,1
False,False,0,False,True,0,1,False,1,False,False,False,True,0.350873500315723,1
False,True,1,False,False,0,0,False,0,False,False,True,False,0.350873500315723,3
False,True,1,False,False,0,0,True,1,True,False,True,False,0.350873500315723,1
False,True,0,False,True,0,1,False,0,False,False,False,True,0.350873500315723,4
True,False,0,True,False,0,1,False,0,False,False,False,True,0.15091559671648075,2
False,True,0,False,False,0,1,False,0,True,False,False,False,0.15091559671648075,4
False,False,0,True,False,0,1,False,0,False,False,False,False,0.350873500315723,4
False,True,0,False,False,0,1,False,0,False,False,True,True,0.004420122079562197,4
False,False,0,False,True,0,1,False,0,False,False,False,True,0.029677962534203326,4
False,False,1,False,False,0,0,False,0,False,False,False,False,0.350873500315723,3
False,True,1,False,False,0,0,True,0,False,False,True,True,0.16417596295516734,1
False,False,0,False,False,0,1,True,0,False,False,False,True,0.15091559671648075,4
False,False,1,True,False,0,0,False,0,False,False,False,True,0.16417596295516734,4
False,True,1,False,False,0,0,True,1,False,False,False,False,0.350873500315723,2
False,False,1,False,False,1,0,False,0,False,False,False,False,0.0004209640075773521,1
False,False,0,False,False,0,0,False,0,False,False,True,False,0.017470006314460114,1
True,False,0,False,False,0,1,False,0,False,False,False,False,0.350873500315723,1
False,False,1,False,False,0,0,False,0,False,False,False,False,0.350873500315723,3
True,False,0,False,False,0,1,False,0,False,False,True,False,0.007366870132603663,1
True,False,0,False,False,1,1,False,0,False,False,False,False,0.02252157440538834,4
False,False,0,False,False,1,1,False,0,False,False,False,False,0.0012628920227320563,4
False,False,1,False,False,0,0,False,0,False,False,False,False,0.0008419280151547042,1
False,False,1,False,False,0,0,False,0,False,False,False,False,0.350873500315723,0
True,False,1,False,False,0,0,True,0,False,False,False,True,0.15091559671648075,0
False,False,1,False,False,0,0,False,0,False,False,False,True,0.350873500315723,2
True,True,1,False,False,0,0,True,0,False,False,True,False,0.350873500315723,1
False,False,1,False,False,0,0,False,1,False,False,False,False,0.017470006314460114,1
False,True,1,False,False,0,0,False,1,False,False,False,False,0.15091559671648075,5
False,False,1,False,False,0,0,True,0,False,False,True,False,0.350873500315723,1
False,True,0,False,False,0,0,True,1,False,False,False,False,0.15091559671648075,5
False,False,0,False,False,0,1,False,1,False,False,False,False,0.0545148389812671,1
False,False,1,False,False,0,0,False,0,False,False,False,True,0.15091559671648075,3
False,True,1,True,False,1,0,False,0,False,False,False,False,0.350873500315723,3
True,False,0,False,False,0,1,False,0,False,False,True,False,0.03641338665544096,1
False,False,0,False,False,0,1,False,0,False,False,False,False,0.029677962534203326,1
False,True,1,False,False,0,0,False,1,False,False,True,True,0.350873500315723,4
False,True,0,False,False,0,1,True,0,False,False,False,False,0.007787834140181015,4
False,False,0,False,False,0,0,True,1,False,False,False,True,0.350873500315723,5
False,False,0,True,False,0,0,False,0,False,False,False,False,0.350873500315723,1
False,False,1,True,False,0,0,False,0,False,False,False,False,0.15091559671648075,3
False,True,0,True,False,0,1,False,0,True,False,False,False,0.350873500315723,4
False,True,0,False,False,0,1,True,0,False,False,False,True,0.350873500315723,4
False,False,1,False,False,0,0,False,0,False,False,False,False,0.0012628920227320563,4
False,False,1,False,False,0,0,True,1,False,False,False,True,0.15091559671648075,5
True,False,1,False,False,0,0,True,1,False,False,False,False,0.350873500315723,1
False,False,1,True,False,0,0,False,0,False,False,False,True,0.350873500315723,4
False,True,0,False,False,0,0,False,0,False,False,False,True,0.003578194064407493,5
False,True,1,False,False,0,0,False,0,False,False,False,False,0.0545148389812671,3
False,False,0,True,False,0,1,False,0,False,False,False,False,0.350873500315723,4
False,False,1,False,False,0,0,False,1,False,False,True,False,0.15091559671648075,5
False,True,0,False,True,0,0,False,1,False,False,False,True,0.16417596295516734,4
False,False,1,False,False,0,0,True,1,False,False,False,True,0.15091559671648075,2
False,True,0,False,True,0,1,False,0,False,False,False,True,0.16417596295516734,1
False,True,0,True,False,0,1,False,0,False,False,False,False,0.012418438223531888,3
False,True,1,False,False,0,0,True,1,False,False,False,True,0.0545148389812671,5
False,False,1,True,False,1,0,False,0,True,False,False,False,0.350873500315723,1
False,False,1,False,True,1,0,False,0,False,False,False,True,0.15091559671648075,3
False,True,0,False,False,0,1,False,0,False,False,False,False,0.007787834140181015,1
False,True,0,False,False,0,1,True,1,False,False,True,False,0.16417596295516734,1
False,True,1,False,False,1,0,True,0,False,False,False,False,0.350873500315723,4
False,True,0,False,False,0,1,False,0,False,False,False,True,0.004420122079562197,1
False,False,1,True,False,0,0,False,0,False,False,False,True,0.16417596295516734,3
False,False,1,True,False,1,0,False,0,False,False,False,False,0.16417596295516734,5
False,False,0,False,False,0,1,True,0,False,False,True,True,0.350873500315723,1
False,True,1,False,False,0,0,True,0,False,False,True,True,0.16417596295516734,3
False,False,1,False,False,0,0,False,0,False,False,False,False,0.006314460113660282,1
False,True,1,False,False,0,0,False,0,False,False,True,True,0.350873500315723,1
False,True,1,False,False,0,0,True,0,False,False,True,False,0.16417596295516734,1
False,False,0,False,False,1,0,False,0,False,False,False,False,0.0010524100189433804,5
False,False,1,False,True,1,0,False,0,True,False,False,False,0.029677962534203326,4
False,True,0,False,True,0,1,False,0,False,False,False,False,0.350873500315723,4
False,False,0,False,False,0,0,True,0,False,False,True,True,0.01178699221216586,1
False,False,1,False,True,0,0,False,1,False,False,False,False,0.15091559671648075,3
False,True,1,False,True,0,0,False,0,False,False,False,False,0.16417596295516734,1
False,True,1,True,False,0,0,False,1,False,False,False,True,0.350873500315723,1
False,False,0,False,False,0,0,False,1,False,False,False,True,0.350873500315723,1
False,False,1,False,False,0,0,False,0,False,False,False,True,0.16417596295516734,4
False,True,0,False,False,0,1,False,1,False,False,False,True,0.350873500315723,1
False,False,0,False,False,0,1,False,0,False,False,False,False,0.15091559671648075,2
False,False,0,True,False,0,0,False,0,False,False,False,False,0.350873500315723,5
False,True,1,False,False,1,0,False,0,True,False,True,False,0.0545148389812671,3
False,False,1,False,False,0,0,False,1,False,False,False,False,0.16417596295516734,1
False,True,0,False,True,0,0,False,0,False,False,False,False,0.350873500315723,5
False,False,0,False,False,0,1,False,0,False,False,False,False,0.02252157440538834,4
False,False,1,False,False,0,0,False,1,False,False,True,False,0.350873500315723,1
False,True,0,False,False,1,0,False,0,False,False,False,True,0.350873500315723,2
False,False,1,False,False,1,0,False,0,False,False,False,True,0.16417596295516734,3
False,True,0,False,False,0,0,True,0,False,False,False,True,0.15091559671648075,5
False,False,1,False,False,0,0,False,1,False,False,False,False,0.007366870132603663,5
False,False,1,True,False,0,0,False,0,False,False,False,True,0.017470006314460114,1
False,False,1,True,False,1,0,False,0,False,False,False,True,0.15091559671648075,1
False,True,1,False,False,0,0,False,1,False,False,False,True,0.15091559671648075,1
False,False,0,False,False,0,1,False,0,False,False,False,False,0.03641338665544096,1
False,True,0,False,True,1,1,False,0,False,False,False,True,0.350873500315723,4
False,True,1,False,False,0,0,True,1,False,False,False,False,0.350873500315723,3
False,True,1,False,False,0,0,True,0,False,False,False,False,0.009261208166701748,4
False,False,1,False,False,0,0,False,0,False,False,False,False,0.0545148389812671,2
False,False,1,True,False,0,0,False,0,True,False,False,False,0.350873500315723,4
False,False,1,False,True,1,0,False,0,True,False,False,False,0.006103978109871606,4
False,False,1,True,False,0,0,False,0,True,False,False,False,0.16417596295516734,1
False,False,0,False,False,0,1,False,0,False,False,False,False,0.03641338665544096,1
False,False,0,True,False,0,1,False,1,False,False,False,True,0.350873500315723,4
False,False,0,True,False,0,1,False,0,False,False,False,False,0.15091559671648075,1
False,False,1,False,False,1,0,False,0,False,False,False,True,0.15091559671648075,1
False,False,1,False,False,1,0,False,0,False,False,False,False,0.15091559671648075,1
False,False,0,False,False,0,1,True,0,False,False,False,True,0.16417596295516734,1
False,True,0,False,False,0,1,True,1,False,False,False,False,0.0545148389812671,1
False,True,1,False,True,0,0,False,0,False,False,False,True,0.350873500315723,1
False,True,1,False,False,0,0,False,1,False,False,False,False,0.16417596295516734,1
False,False,0,False,False,0,0,False,0,False,False,False,False,0.16417596295516734,5
False,True,1,False,False,0,0,False,0,False,False,False,False,0.350873500315723,1
False,True,0,False,True,0,1,False,1,False,False,False,True,0.350873500315723,1
False,False,1,False,False,0,0,False,0,False,False,False,True,0.350873500315723,3
False,True,0,False,False,1,0,True,0,True,False,False,False,0.350873500315723,5
False,True,1,False,False,0,0,False,0,False,False,False,True,0.350873500315723,1
False,False,1,False,False,0,0,True,0,False,False,False,True,0.003578194064407493,5
False,True,1,False,False,0,0,True,0,False,False,False,True,0.350873500315723,1
False,True,0,False,False,1,0,False,0,False,False,False,False,0.350873500315723,3
False,False,1,False,False,0,0,False,0,False,False,False,False,0.350873500315723,0
False,True,0,True,False,0,0,False,0,True,False,True,False,0.350873500315723,4
False,True,0,False,True,0,1,False,0,False,False,False,True,0.16417596295516734,4
False,True,1,False,False,0,0,False,0,False,False,True,False,0.007787834140181015,1
False,False,0,True,False,1,1,False,0,False,False,False,False,0.350873500315723,2
False,False,0,True,False,0,0,False,1,True,False,False,False,0.15091559671648075,0
False,True,0,False,False,0,1,False,1,False,False,False,True,0.15091559671648075,0
False,False,1,False,True,0,0,False,1,False,False,False,False,0.15091559671648075,1
False,False,1,False,False,0,0,False,1,False,False,True,True,0.15091559671648075,1
False,True,0,False,False,0,1,True,0,False,False,False,True,0.16417596295516734,0
False,False,0,False,False,0,0,False,1,False,False,False,True,0.15091559671648075,0
False,False,0,False,False,0,1,False,0,False,False,False,False,0.15091559671648075,1
False,True,1,False,False,0,0,True,1,False,False,False,True,0.16417596295516734,1
True,True,1,False,False,0,0,True,1,False,False,True,False,0.15091559671648075,1
False,True,1,False,False,0,0,True,0,False,False,True,False,0.350873500315723,1
False,False,1,True,False,1,0,False,0,False,False,False,True,0.15091559671648075,4
False,False,1,False,False,1,0,False,0,False,False,False,True,0.004420122079562197,1
False,False,0,False,False,0,0,False,0,False,False,True,False,0.00484108608713955,4
False,True,1,False,False,0,0,False,0,False,False,False,False,0.350873500315723,3
False,False,1,True,False,0,0,False,0,True,False,False,False,0.16417596295516734,3
False,False,1,False,True,0,0,False,0,True,False,False,False,0.350873500315723,4
False,True,1,False,False,0,0,False,0,False,False,False,True,0.350873500315723,4
False,True,1,False,True,1,0,False,0,False,False,False,True,0.350873500315723,3
False,True,1,False,False,0,0,False,1,False,False,False,True,0.0545148389812671,1
False,False,1,False,False,1,0,False,0,False,False,False,False,0.006103978109871606,4
False,True,1,False,False,0,0,True,1,False,False,True,True,0.16417596295516734,1
False,True,0,True,False,0,1,False,0,True,False,False,False,0.350873500315723,4
False,False,1,False,False,0,0,False,0,False,False,False,False,0.0545148389812671,1
False,False,1,False,False,0,0,False,0,False,False,True,False,0.350873500315723,4
False,False,0,False,True,0,0,False,0,False,False,False,False,0.16417596295516734,1
False,False,0,False,False,0,0,False,0,False,False,False,False,0.003578194064407493,3
False,False,1,False,True,0,0,False,1,False,False,False,False,0.16417596295516734,2
False,True,1,False,False,1,0,False,0,False,False,False,False,0.16417596295516734,5
False,False,0,False,False,0,0,False,0,False,False,True,False,0.017470006314460114,1
False,False,1,True,False,0,0,False,0,True,False,False,False,0.350873500315723,1
True,True,1,False,True,0,0,False,0,False,False,False,True,0.350873500315723,1
False,True,1,False,False,0,0,True,0,False,False,False,False,0.16417596295516734,4
True,False,1,False,False,0,0,False,0,False,False,False,False,0.017470006314460114,1
False,False,0,True,False,0,1,False,0,False,False,False,False,0.16417596295516734,4
False,False,1,True,False,0,0,False,0,False,False,False,True,0.16417596295516734,2
False,False,1,False,False,0,0,False,0,False,False,False,True,0.350873500315723,5
False,True,1,False,False,0,0,False,0,False,False,False,True,0.350873500315723,3
False,False,1,False,True,0,0,False,0,False,False,False,False,0.350873500315723,2
False,True,0,False,False,0,1,True,0,True,False,False,False,0.16417596295516734,1
True,True,0,False,True,0,1,False,0,False,False,False,False,0.350873500315723,1
False,False,0,True,False,1,1,False,0,False,False,False,True,0.350873500315723,3
False,True,1,False,False,0,0,True,0,False,False,False,True,0.350873500315723,1
False,False,0,False,False,0,1,True,0,False,False,False,False,0.350873500315723,1
False,False,0,False,False,1,1,False,0,False,False,False,False,0.006103978109871606,1
False,True,1,True,False,0,0,False,0,False,False,False,False,0.15091559671648075,1
False,True,1,False,False,0,0,False,0,False,False,False,True,0.16417596295516734,5
False,True,1,False,False,0,0,False,0,False,False,True,False,0.007787834140181015,5
False,True,1,False,False,0,0,False,0,False,False,False,True,0.350873500315723,1
True,True,1,False,False,0,0,False,1,False,False,True,False,0.350873500315723,3
False,False,0,True,False,0,1,False,0,True,False,False,False,0.15091559671648075,2
False,True,0,False,False,0,1,True,1,False,False,True,True,0.16417596295516734,1
False,False,1,False,False,0,0,False,0,True,False,False,False,0.350873500315723,3
True,True,1,False,False,1,0,True,0,False,False,True,False,0.0545148389812671,5
False,False,0,False,False,0,1,True,0,True,False,False,False,0.15091559671648075,2
False,False,1,True,False,0,0,False,0,False,False,False,True,0.02252157440538834,1
False,False,1,True,False,0,0,False,0,True,False,False,False,0.350873500315723,1
True,True,0,True,False,0,0,False,0,False,False,False,False,0.16417596295516734,5
False,True,1,True,False,1,0,False,0,False,False,False,False,0.006103978109871606,2
False,True,0,True,False,0,0,False,1,False,False,False,False,0.16417596295516734,1
True,True,0,True,False,1,0,False,0,True,False,False,False,0.16417596295516734,1
False,False,0,False,False,1,1,False,0,False,False,False,True,0.350873500315723,4
False,False,1,False,True,0,0,False,0,False,False,True,True,0.0025257840454641126,1
False,True,0,False,False,1,1,True,0,False,False,True,False,0.16417596295516734,1
False,False,0,False,False,0,1,False,0,False,False,False,False,0.03641338665544096,1
False,False,1,False,True,0,0,False,0,False,False,False,True,0.350873500315723,4
True,False,0,False,False,0,0,False,0,False,False,True,False,0.03641338665544096,1
False,False,0,True,False,1,0,False,0,False,False,False,True,0.350873500315723,5
False,True,0,False,True,0,1,False,0,False,False,False,False,0.350873500315723,4
True,True,0,True,False,0,1,False,0,False,False,False,False,0.16417596295516734,4
True,False,0,False,False,0,0,False,1,False,False,False,False,0.029677962534203326,5
False,True,1,True,False,0,0,False,0,True,False,False,False,0.350873500315723,2
False,False,1,False,False,1,0,False,0,False,False,False,True,0.0545148389812671,1
False,True,0,False,False,1,0,True,0,False,False,True,True,0.15091559671648075,1
False,True,1,True,False,0,0,False,0,False,False,False,True,0.350873500315723,3
False,True,1,False,False,1,0,False,0,False,False,False,False,0.029677962534203326,1
False,True,0,True,False,1,1,False,0,True,False,False,False,0.350873500315723,4
False,False,1,False,False,0,0,True,0,False,False,False,True,0.0545148389812671,4
False,True,0,False,False,0,1,False,0,False,False,False,False,0.350873500315723,1
False,False,0,False,False,0,1,False,1,False,False,False,False,0.017470006314460114,1
False,False,1,False,False,0,0,False,0,False,False,False,True,0.029677962534203326,1
False,False,1,False,True,0,0,False,1,False,False,False,True,0.0018943380340980846,4
False,False,0,False,False,0,0,False,0,False,False,False,False,0.005262050094716902,5
False,False,0,False,False,0,0,False,1,False,False,False,True,0.15091559671648075,0
False,False,1,False,False,0,0,True,0,False,False,False,True,0.0545148389812671,2
False,False,1,False,False,0,0,False,1,False,False,False,False,0.015154704272784677,1
False,True,0,False,False,0,1,True,0,False,False,False,False,0.16417596295516734,4
True,True,0,True,False,0,0,False,0,False,False,False,False,0.16417596295516734,1
False,False,0,False,False,0,1,True,0,False,False,False,True,0.00021048200378867606,4
False,True,1,False,False,0,0,True,0,False,False,False,True,0.15091559671648075,0
True,True,0,True,False,0,0,False,0,False,False,False,False,0.350873500315723,5
False,True,1,True,False,0,0,False,0,False,False,False,True,0.16417596295516734,4
False,True,1,False,False,1,0,False,0,False,False,True,True,0.350873500315723,1
False,False,1,False,False,0,0,False,0,False,False,False,True,0.350873500315723,1
False,False,1,False,False,0,0,False,0,False,False,False,False,0.003157230056830141,5
False,True,0,False,False,1,0,True,0,False,False,False,False,0.006103978109871606,5
True,False,0,False,False,0,1,False,0,False,False,True,False,0.350873500315723,4
True,False,0,False,False,0,0,False,1,False,False,False,False,0.350873500315723,1
False,False,1,False,False,1,0,True,0,False,False,False,True,0.15091559671648075,2
False,False,1,False,False,0,0,True,0,False,False,False,True,0.350873500315723,2
False,False,0,False,False,0,1,False,0,False,False,False,False,0.007787834140181015,0
False,True,1,False,False,0,0,True,0,False,False,False,True,0.350873500315723,1
False,False,0,False,False,0,1,True,0,False,False,True,False,0.15091559671648075,1
False,True,1,False,False,0,0,True,0,False,False,False,False,0.15091559671648075,1
True,True,0,False,True,0,1,False,1,False,False,False,False,0.350873500315723,1
False,True,1,False,True,0,0,False,0,False,False,False,False,0.350873500315723,4
False,False,0,False,True,0,1,False,0,False,False,False,False,0.350873500315723,4
False,False,1,False,True,0,0,False,1,False,False,False,True,0.15091559671648075,3
False,False,0,True,False,0,0,False,0,False,False,False,True,0.15091559671648075,4
False,True,1,True,False,0,0,False,0,True,False,False,False,0.0025257840454641126,2
False,False,1,True,False,0,0,False,0,False,False,False,False,0.350873500315723,2
False,True,1,False,True,1,0,False,0,False,False,False,False,0.350873500315723,1
False,False,0,False,False,0,1,False,0,False,False,False,False,0.029677962534203326,0
False,True,0,False,True,0,0,False,0,False,False,False,False,0.350873500315723,5
False,True,1,False,False,0,0,False,1,False,False,False,True,0.350873500315723,5
False,True,1,False,False,0,0,True,1,False,False,True,True,0.350873500315723,1
False,True,0,False,False,1,0,False,0,False,False,False,False,0.16417596295516734,3
False,False,0,False,False,0,1,True,0,False,False,True,True,0.350873500315723,3
True,False,1,False,False,0,0,False,1,False,False,False,False,0.350873500315723,1
False,True,0,True,False,0,0,False,0,True,False,False,False,0.012418438223531888,3
False,False,1,False,False,0,0,False,0,False,False,False,True,0.15091559671648075,4
False,False,1,False,False,0,0,True,0,True,False,True,False,0.15091559671648075,5
False,False,1,False,False,0,0,True,0,False,False,True,False,0.350873500315723,1
False,False,1,False,False,1,0,True,0,False,False,False,True,0.15091559671648075,4
False,False,0,False,False,0,1,False,0,False,False,False,False,0.16417596295516734,4
False,True,0,False,False,0,0,False,0,False,False,True,False,0.0545148389812671,0
False,False,1,False,False,0,0,False,1,False,False,True,False,0.03641338665544096,1
False,False,0,False,False,0,1,True,1,False,False,False,True,0.012418438223531888,2
False,True,1,True,False,0,0,False,0,False,False,False,True,0.350873500315723,1
False,True,1,False,True,0,0,False,0,False,False,False,True,0.350873500315723,3
False,False,0,False,True,0,0,False,0,False,False,False,True,0.350873500315723,5
False,False,1,False,False,0,0,False,0,False,False,False,False,0.0010524100189433804,4
False,False,1,False,False,0,0,True,0,True,False,False,False,0.15091559671648075,2
False,False,0,False,False,0,0,False,0,False,False,False,True,0.0545148389812671,1
False,False,1,False,False,0,0,True,0,False,False,True,True,0.005262050094716902,4
False,True,1,False,False,0,0,False,1,False,False,False,False,0.0545148389812671,1
False,False,0,False,False,0,1,True,0,True,False,False,False,0.0025257840454641126,1
False,False,0,False,False,0,0,False,0,False,False,False,True,0.350873500315723,1
False,False,1,False,True,0,0,False,0,False,False,False,True,0.350873500315723,1
False,False,0,True,False,0,1,False,0,False,False,False,False,0.350873500315723,1
False,False,1,False,False,0,0,True,0,False,False,False,False,0.350873500315723,1
False,True,0,False,True,0,0,False,0,True,False,False,False,0.16417596295516734,4
False,True,1,True,False,0,0,False,1,False,False,False,True,0.350873500315723,1
False,True,1,False,False,1,0,False,0,False,False,False,False,0.0545148389812671,3
False,False,1,False,False,0,0,False,0,False,False,False,False,0.015154704272784677,5
False,False,1,False,False,0,0,False,0,False,False,False,True,0.15091559671648075,1
False,False,1,False,False,1,0,False,0,False,False,False,False,0.006314460113660282,1
False,True,0,True,False,0,1,False,0,False,False,False,False,0.350873500315723,1
False,True,1,False,True,1,0,False,0,False,False,False,True,0.16417596295516734,2
True,True,1,False,False,1,0,True,0,False,False,True,True,0.16417596295516734,1
False,True,1,False,False,0,0,False,1,False,False,False,True,0.15091559671648075,1
False,True,0,False,True,0,1,False,0,True,False,False,False,0.350873500315723,4
False,False,0,False,False,0,1,False,0,False,False,False,False,0.005262050094716902,0
False,False,1,False,False,0,0,False,0,False,False,False,False,0.0025257840454641126,1
False,True,1,True,False,1,0,False,0,False,False,True,False,0.350873500315723,3
False,False,1,False,False,0,0,True,0,False,False,True,True,0.350873500315723,1
False,True,1,False,False,0,0,False,0,False,False,False,False,0.0545148389812671,4
False,True,0,False,True,1,0,False,0,False,False,False,True,0.350873500315723,5
False,False,1,False,False,0,0,True,1,False,False,False,False,0.15091559671648075,1
False,True,0,False,False,0,1,True,0,False,False,True,False,0.350873500315723,4
False,True,1,True,False,0,0,False,0,False,False,False,False,0.350873500315723,4
False,True,1,False,False,0,0,False,0,False,False,False,False,0.0012628920227320563,1
True,False,0,True,False,0,1,False,0,False,False,False,True,0.16417596295516734,4
False,True,0,False,False,0,0,False,0,False,False,False,False,0.16417596295516734,1
False,True,1,False,False,1,0,False,0,False,False,False,True,0.350873500315723,4
False,True,1,False,False,1,0,True,0,False,False,True,True,0.15091559671648075,4
False,False,0,True,False,0,1,False,0,False,False,True,False,0.350873500315723,1
False,True,1,False,False,0,0,True,0,False,False,False,False,0.16417596295516734,1
False,False,1,False,False,1,0,True,0,False,False,False,False,0.02252157440538834,3
False,True,1,False,False,0,0,True,0,False,False,True,True,0.350873500315723,1
False,False,1,False,False,1,0,False,0,False,False,True,False,0.029677962534203326,1
False,True,0,False,False,0,0,False,1,False,False,False,False,0.16417596295516734,5
False,False,1,False,False,0,0,False,0,False,False,False,False,0.029677962534203326,4
False,False,1,False,False,0,0,True,1,False,False,False,True,0.15091559671648075,3
False,False,1,False,True,1,0,False,0,False,False,False,True,0.029677962534203326,1
False,False,1,False,False,0,0,False,1,False,False,True,False,0.017470006314460114,1
False,False,1,True,False,0,0,False,1,False,False,False,False,0.02252157440538834,1
True,True,1,True,False,1,0,False,0,False,False,False,True,0.003578194064407493,5
True,False,0,False,False,1,1,False,0,False,False,False,False,0.350873500315723,1
False,False,1,True,False,0,0,False,0,False,False,False,True,0.350873500315723,2
False,False,1,True,False,0,0,False,0,False,False,False,True,0.15091559671648075,1
False,False,0,False,False,0,1,False,0,False,False,True,False,0.350873500315723,3
False,True,0,False,False,0,1,True,0,False,True,False,True,0.002104820037886761,1
False,False,1,False,False,0,0,True,0,False,False,False,False,0.350873500315723,1
False,False,0,False,False,1,0,False,0,False,False,False,False,0.007366870132603663,5
False,True,1,True,False,0,0,False,0,True,False,False,False,0.012418438223531888,1
False,False,0,False,False,0,1,False,0,False,False,False,True,0.003788676068196169,3
True,False,0,False,True,0,1,False,0,False,False,True,False,0.009261208166701748,1
False,True,1,True,False,0,0,False,0,False,False,False,False,0.02252157440538834,1
False,True,0,False,False,0,1,False,0,False,False,False,False,0.16417596295516734,4
False,False,0,False,False,0,1,False,0,False,False,False,True,0.029677962534203326,4
False,False,1,False,False,0,0,True,0,False,False,False,False,0.350873500315723,2
False,False,1,False,False,0,0,False,0,False,False,False,False,0.15091559671648075,0
False,False,1,False,False,0,0,True,0,False,False,False,False,0.350873500315723,5
False,False,0,False,False,0,1,False,0,False,False,False,False,0.006314460113660282,3
False,False,0,False,False,1,1,False,0,False,False,False,False,0.029677962534203326,4
True,False,1,False,True,0,0,False,1,False,False,False,False,0.15091559671648075,1
False,True,1,False,False,0,0,False,0,True,False,False,False,0.0545148389812671,1
False,False,1,False,False,0,0,True,0,False,False,False,True,0.0545148389812671,2
False,False,1,False,False,1,0,False,0,False,False,False,True,0.01178699221216586,3
False,False,1,False,True,0,0,False,1,False,False,False,True,0.16417596295516734,0
False,False,0,True,False,1,1,False,0,True,False,False,False,0.350873500315723,1
False,False,0,False,False,0,1,False,1,False,False,False,True,0.350873500315723,4
False,True,0,True,False,1,0,False,0,False,False,False,True,0.350873500315723,5
True,False,1,False,False,0,0,True,0,False,False,True,False,0.350873500315723,0
False,True,0,False,False,0,1,True,0,False,False,False,True,0.15091559671648075,1
False,True,0,False,False,0,0,False,0,False,False,False,True,0.350873500315723,5
False,False,0,False,False,1,0,False,0,False,False,False,False,0.350873500315723,3
False,True,1,False,True,0,0,False,0,False,False,False,False,0.350873500315723,1
False,True,0,False,False,0,0,False,1,False,False,False,False,0.350873500315723,1
True,True,0,False,False,1,0,False,0,False,False,False,False,0.15091559671648075,1
False,True,1,False,False,1,0,False,0,False,False,False,False,0.350873500315723,5
False,True,1,False,False,0,0,True,0,False,False,False,True,0.350873500315723,1
False,True,1,False,False,1,0,True,0,False,False,True,False,0.350873500315723,5
False,False,0,True,False,1,1,False,0,False,False,False,True,0.16417596295516734,2
False,False,0,False,False,0,1,True,0,False,False,False,False,0.350873500315723,3
False,True,0,True,False,0,1,False,0,True,False,False,False,0.350873500315723,0
False,False,1,False,False,0,0,True,0,False,False,True,True,0.02252157440538834,1
False,False,0,False,False,0,1,True,0,False,False,False,True,0.16417596295516734,4
False,False,0,False,False,0,1,False,0,False,False,False,False,0.15091559671648075,4
False,False,1,False,False,0,0,False,0,False,False,False,True,0.15091559671648075,5
False,True,0,True,False,0,1,False,0,False,False,False,False,0.350873500315723,4
False,False,1,True,False,0,0,False,0,True,False,False,False,0.15091559671648075,3
False,True,1,False,False,0,0,False,0,False,False,False,True,0.15091559671648075,2
False,True,1,False,False,1,0,True,0,False,False,True,False,0.0545148389812671,5
True,True,0,False,False,0,1,False,0,False,False,False,True,0.350873500315723,1
False,True,0,False,False,0,1,True,1,False,False,False,True,0.006103978109871606,1
False,False,1,False,False,0,0,False,1,True,False,False,False,0.15091559671648075,5
False,True,1,False,False,0,0,True,1,True,False,False,False,0.15091559671648075,3
False,False,0,False,False,0,0,True,1,False,False,False,True,0.350873500315723,1
False,False,1,False,False,0,0,False,0,False,False,True,False,0.15091559671648075,1
False,False,1,False,False,1,0,True,0,False,False,True,False,0.15091559671648075,1
False,False,0,False,False,0,1,False,0,False,False,True,False,0.03641338665544096,4
False,False,1,False,False,0,0,True,1,False,False,True,True,0.350873500315723,3
False,False,1,True,False,0,0,False,0,False,False,False,False,0.15091559671648075,1
False,True,1,False,False,0,0,True,0,False,False,False,False,0.01178699221216586,3
False,False,0,False,False,0,1,False,1,False,False,False,True,0.350873500315723,1
False,True,1,False,False,0,0,False,0,False,False,False,True,0.16417596295516734,4
False,False,0,False,False,0,0,False,0,False,False,False,True,0.16417596295516734,1
False,False,1,False,False,0,0,False,1,False,False,True,False,0.007366870132603663,3
False,False,0,False,False,0,1,True,0,True,False,False,False,0.0545148389812671,2
False,False,1,False,False,0,0,False,0,False,False,False,True,0.0018943380340980846,1
False,False,0,False,False,1,1,False,0,False,False,False,False,0.350873500315723,1
False,False,0,True,False,0,0,False,0,False,False,False,True,0.16417596295516734,4
False,False,1,True,False,0,0,False,0,False,False,False,True,0.350873500315723,1
False,True,1,False,False,0,0,True,0,False,False,False,True,0.16417596295516734,0
False,True,1,True,False,0,0,False,1,False,False,False,True,0.16417596295516734,1
False,False,1,False,False,0,0,False,0,False,False,False,False,0.350873500315723,3
False,True,0,False,True,0,1,False,0,False,False,False,True,0.00484108608713955,1
False,True,1,True,False,0,0,False,0,False,False,False,True,0.029677962534203326,1
False,False,1,False,False,0,0,False,0,False,False,False,False,0.0545148389812671,4
False,True,0,False,False,0,1,True,0,False,False,False,True,0.350873500315723,4
False,True,1,False,False,0,0,True,0,True,False,False,False,0.16417596295516734,3
False,True,0,False,False,0,1,False,0,False,False,False,True,0.350873500315723,1
False,True,1,False,False,0,0,False,0,False,False,False,False,0.350873500315723,1
False,False,0,False,False,0,0,False,1,False,False,False,False,0.350873500315723,1
False,True,1,False,False,1,0,False,0,False,False,False,False,0.350873500315723,1
False,True,0,False,False,0,1,True,1,False,False,True,False,0.011576510208377183,3
False,False,0,True,False,1,1,False,0,True,False,False,False,0.16417596295516734,4
False,False,0,False,False,0,1,False,0,False,False,False,False,0.015154704272784677,0
False,True,1,False,False,1,0,True,0,False,False,True,True,0.350873500315723,4
False,True,0,False,True,0,0,False,0,False,False,False,True,0.350873500315723,5
False,False,1,False,False,0,0,True,1,False,False,True,True,0.006103978109871606,1
False,False,1,True,False,1,0,False,0,False,True,False,True,0.029677962534203326,4
False,False,1,False,False,0,0,False,0,False,False,False,False,0.017470006314460114,1
False,False,1,True,False,0,0,False,1,False,False,False,True,0.350873500315723,1
False,True,1,False,False,0,0,True,1,False,False,False,True,0.16417596295516734,0
False,True,0,False,False,0,1,False,0,True,False,False,False,0.0545148389812671,4
False,True,0,False,True,0,1,False,0,False,False,False,True,0.350873500315723,4
True,False,0,False,False,0,1,True,0,False,False,True,False,0.005262050094716902,1
False,True,0,False,False,1,1,False,0,True,False,False,False,0.350873500315723,4
False,False,1,False,False,0,0,False,1,False,False,False,False,0.03641338665544096,1
False,True,0,True,False,1,1,False,0,False,False,False,True,0.004420122079562197,1
False,False,0,False,False,0,1,False,0,False,False,False,False,0.16417596295516734,4
True,True,1,True,False,0,0,False,0,False,False,False,False,0.350873500315723,1
False,False,0,True,False,0,0,False,0,False,False,False,False,0.350873500315723,2
False,False,0,True,False,0,1,False,0,False,False,False,True,0.350873500315723,2
False,False,0,False,False,0,1,False,1,False,False,True,False,0.009261208166701748,1
False,True,1,False,True,0,0,False,0,False,False,False,True,0.16417596295516734,4
False,True,0,False,True,1,1,False,0,False,False,False,True,0.16417596295516734,4
False,False,1,False,False,0,0,False,0,False,False,False,False,0.03641338665544096,1
False,True,0,False,False,0,1,False,0,False,False,True,True,0.16417596295516734,2
False,False,1,True,False,0,0,False,0,False,False,False,False,0.0545148389812671,0
False,False,0,True,False,0,1,False,0,False,False,False,False,0.16417596295516734,1
False,False,0,True,False,0,1,False,0,False,False,False,False,0.15091559671648075,4
False,False,1,False,False,0,0,False,1,False,False,True,False,0.0545148389812671,1
False,True,1,True,False,0,0,False,0,False,False,False,True,0.350873500315723,3
False,True,0,True,False,0,0,False,1,False,False,False,False,0.350873500315723,1
False,True,1,False,False,1,0,True,0,False,True,True,False,0.350873500315723,3
False,False,1,False,False,0,0,True,0,False,False,True,False,0.350873500315723,1
False,True,0,True,False,0,0,False,1,False,False,True,True,0.15091559671648075,1
False,False,1,False,False,0,0,False,0,False,False,True,False,0.350873500315723,1
False,False,1,False,False,0,0,True,1,False,False,False,True,0.15091559671648075,1
False,True,1,False,False,0,0,True,0,False,False,True,True,0.350873500315723,1
False,True,1,False,True,0,0,False,0,False,False,False,True,0.350873500315723,3
False,False,1,False,False,0,0,False,0,False,False,False,False,0.15091559671648075,5
False,True,0,False,False,0,0,True,0,False,False,False,False,0.16417596295516734,5
False,True,1,True,False,0,0,False,0,False,False,False,True,0.15091559671648075,3
False,True,1,False,False,1,0,False,0,False,False,False,True,0.02252157440538834,0
False,True,0,False,False,0,1,False,0,False,False,True,False,0.0018943380340980846,4
False,False,1,True,False,0,0,False,0,False,False,False,False,0.029677962534203326,2
True,True,1,False,False,0,0,False,0,False,False,False,True,0.16417596295516734,1
False,False,0,False,False,0,1,False,0,False,False,False,False,0.003367712060618817,4
False,False,1,False,False,1,0,True,0,False,False,True,False,0.15091559671648075,1
False,False,0,False,False,0,0,True,1,False,False,False,True,0.029677962534203326,3
False,False,1,False,True,0,0,False,0,False,False,False,True,0.02252157440538834,0
False,False,1,False,False,0,0,True,0,False,False,False,True,0.350873500315723,3
False,False,1,True,False,0,0,False,0,False,False,False,False,0.350873500315723,1
False,False,0,True,False,0,1,False,0,False,False,False,True,0.350873500315723,1
True,True,0,False,False,0,1,False,0,False,False,False,False,0.350873500315723,1
False,True,0,False,False,0,1,True,0,True,False,False,False,0.350873500315723,2
False,False,1,False,False,0,0,False,0,False,False,False,True,0.16417596295516734,1
False,False,1,False,False,0,0,True,1,False,False,True,True,0.350873500315723,0
False,True,1,False,False,0,0,True,1,False,False,True,False,0.16417596295516734,1
False,False,1,False,False,1,0,True,0,True,False,False,False,0.350873500315723,1
False,True,1,False,True,0,0,False,1,False,False,False,False,0.350873500315723,1
False,True,1,False,False,0,0,False,0,False,False,False,True,0.02252157440538834,1
False,True,1,False,False,0,0,False,1,False,False,False,True,0.350873500315723,1
False,True,1,False,False,0,0,False,0,False,False,False,False,0.009261208166701748,2
True,False,0,False,False,1,1,True,0,False,False,False,False,0.350873500315723,4
False,False,1,False,False,0,0,True,0,False,False,False,True,0.004420122079562197,1
False,True,1,False,True,0,0,False,0,False,False,False,True,0.006103978109871606,1
False,True,1,False,False,0,0,False,0,False,False,False,True,0.16417596295516734,1
False,True,1,False,False,0,0,True,1,False,False,False,True,0.15091559671648075,2
False,True,1,False,True,0,0,False,0,False,False,False,True,0.350873500315723,1
False,False,0,False,False,0,0,False,0,False,False,False,False,0.0010524100189433804,5
False,False,0,False,False,0,0,False,0,False,False,False,False,0.017470006314460114,1
False,True,1,False,False,0,0,False,0,False,False,False,False,0.01178699221216586,5
False,False,0,False,False,0,1,False,0,False,False,False,False,0.350873500315723,3
False,True,0,False,False,1,0,False,0,False,False,False,True,0.350873500315723,1
True,False,0,False,False,0,0,False,0,False,False,True,False,0.03641338665544096,1
False,True,0,False,False,0,1,False,0,False,False,False,True,0.350873500315723,1
False,True,1,True,False,0,0,False,0,True,False,False,False,0.350873500315723,3
False,False,0,False,False,0,1,False,0,False,False,False,False,0.005262050094716902,1
False,True,0,True,False,0,0,False,0,False,False,False,False,0.350873500315723,2
True,False,1,False,False,0,0,False,0,False,False,True,False,0.015154704272784677,0
False,True,1,False,False,0,0,False,0,False,False,True,True,0.350873500315723,1
False,True,0,False,False,0,1,True,0,False,False,False,False,0.16417596295516734,0
False,True,0,False,True,0,1,False,0,False,False,False,True,0.16417596295516734,1
False,True,1,False,False,0,0,True,0,False,False,False,False,0.350873500315723,1
False,False,0,False,True,0,0,False,0,False,False,False,True,0.350873500315723,5
False,False,0,False,False,1,1,False,0,True,False,False,False,0.0545148389812671,1
False,False,0,False,False,1,0,False,0,False,False,True,False,0.350873500315723,5
False,True,0,False,False,0,0,True,1,False,False,False,False,0.00484108608713955,3
False,True,1,True,False,0,0,False,0,False,False,False,True,0.350873500315723,2
False,True,0,True,False,0,1,False,1,True,False,False,False,0.350873500315723,4
False,False,1,False,False,0,0,False,0,False,False,True,False,0.005262050094716902,1
False,False,0,False,False,1,1,True,0,True,False,False,False,0.350873500315723,2
False,False,1,False,False,0,0,True,0,False,False,False,True,0.350873500315723,2
False,False,1,False,True,1,0,False,0,False,False,False,False,0.15091559671648075,1
False,False,1,True,False,0,0,False,0,False,False,False,True,0.15091559671648075,3
False,True,1,True,False,0,0,False,0,False,False,False,False,0.350873500315723,1
False,False,0,False,False,0,1,False,0,True,False,False,False,0.350873500315723,1
False,False,0,False,False,0,1,False,0,False,False,False,False,0.003367712060618817,1
False,True,1,False,False,0,0,False,0,False,False,False,True,0.012418438223531888,5
True,True,1,False,False,0,0,True,0,False,False,True,False,0.350873500315723,2
False,True,1,False,False,0,0,False,0,True,True,False,False,0.16417596295516734,1
False,True,0,False,False,0,1,False,1,False,False,True,False,0.01178699221216586,4
False,False,0,True,False,1,1,False,0,True,False,False,False,0.350873500315723,4
False,False,1,False,False,0,0,False,0,False,False,False,True,0.350873500315723,4
False,False,0,False,False,0,1,False,0,True,False,False,False,0.15091559671648075,1
False,True,0,True,False,0,1,False,0,False,False,False,True,0.15091559671648075,4
False,True,0,True,False,0,0,False,0,False,False,False,True,0.15091559671648075,1
False,True,1,False,False,0,0,False,0,False,False,False,False,0.350873500315723,4
False,True,1,False,False,0,0,True,0,False,False,False,True,0.0545148389812671,4
False,True,1,False,False,0,0,False,1,False,False,False,False,0.350873500315723,1
True,False,0,False,True,0,1,False,1,False,False,False,True,0.006103978109871606,3
True,False,1,False,False,0,0,False,0,False,False,True,False,0.350873500315723,1
False,True,1,True,False,0,0,False,0,True,False,False,False,0.350873500315723,2
False,True,0,False,False,0,1,True,0,False,False,False,True,0.16417596295516734,3
False,False,0,False,True,0,1,False,0,False,False,False,True,0.006103978109871606,0
False,True,0,False,False,0,1,True,0,False,False,False,True,0.350873500315723,4
False,True,1,False,False,0,0,True,1,False,False,False,True,0.029677962534203326,1
False,False,1,False,False,0,0,True,0,False,False,False,True,0.0545148389812671,2
False,False,1,False,False,0,0,False,1,False,False,False,True,0.350873500315723,0
False,True,1,False,False,0,0,True,0,False,False,False,False,0.0027362660492527887,3
False,True,0,False,False,0,0,True,0,False,False,False,True,0.15091559671648075,5
False,True,1,False,False,0,0,True,1,False,False,False,False,0.350873500315723,1
False,False,0,False,False,0,1,True,1,False,False,False,True,0.029677962534203326,2
False,True,1,False,False,1,0,False,0,False,False,False,False,0.350873500315723,2
False,False,0,False,False,1,0,True,0,False,False,False,True,0.15091559671648075,1
False,True,0,False,True,0,1,False,0,False,False,False,False,0.350873500315723,4
False,False,1,False,False,0,0,False,1,False,False,False,False,0.017470006314460114,1
False,False,1,True,False,0,0,False,0,False,False,False,True,0.350873500315723,1
False,False,1,True,False,0,0,False,0,False,False,False,False,0.350873500315723,1
False,False,0,False,False,0,1,False,0,False,False,False,False,0.350873500315723,4
False,True,0,False,False,0,1,True,0,True,False,False,False,0.01178699221216586,1
False,False,0,True,False,1,1,False,0,False,False,False,True,0.005262050094716902,1
False,False,0,False,False,0,0,True,0,True,False,False,False,0.15091559671648075,0
False,True,1,False,False,1,0,False,0,False,False,False,True,0.15091559671648075,1
False,True,1,False,False,0,0,False,1,False,False,False,True,0.15091559671648075,4
False,True,1,False,False,0,0,False,1,False,False,False,True,0.350873500315723,1
False,True,0,False,False,1,1,False,0,False,False,False,False,0.0545148389812671,4
False,False,1,False,False,0,0,False,0,False,False,False,False,0.03641338665544096,1
False,True,0,False,True,1,0,False,0,True,False,False,False,0.16417596295516734,4
False,False,1,True,False,0,0,False,1,False,False,False,True,0.16417596295516734,1
False,True,1,False,True,0,0,False,0,False,False,False,False,0.16417596295516734,1
True,True,1,False,False,0,0,True,0,False,False,True,True,0.02252157440538834,4
False,False,1,False,False,0,0,True,0,False,False,True,True,0.16417596295516734,3
False,False,1,False,True,0,0,False,0,False,False,False,False,0.16417596295516734,0
False,True,0,True,False,0,1,False,0,True,False,False,False,0.350873500315723,4
False,True,0,False,False,0,1,False,0,False,False,False,False,0.15091559671648075,1
False,False,1,False,False,0,0,False,1,False,False,False,True,0.350873500315723,1
False,False,0,True,False,0,1,False,0,False,False,False,True,0.15091559671648075,1
False,False,0,True,False,0,1,False,1,False,False,False,True,0.03641338665544096,4
False,True,0,False,False,0,1,True,0,False,False,False,False,0.15091559671648075,3
False,False,0,False,False,0,1,False,1,False,False,False,False,0.017470006314460114,1
False,False,0,True,False,0,1,False,0,False,False,False,True,0.15091559671648075,3
False,False,1,False,False,0,0,False,1,False,False,False,False,0.006314460113660282,1
False,False,1,False,True,1,0,False,0,False,False,False,False,0.16417596295516734,2
True,True,0,True,False,0,1,False,0,False,False,False,True,0.16417596295516734,1
False,False,1,True,False,0,0,False,0,True,False,False,False,0.012418438223531888,3
False,True,0,False,False,0,1,True,0,False,False,False,True,0.16417596295516734,3
False,True,1,True,False,0,0,False,0,False,False,False,False,0.350873500315723,1
False,False,0,False,False,0,0,True,0,False,False,False,True,0.16417596295516734,2
False,False,0,False,False,0,0,True,0,True,False,False,False,0.16417596295516734,3
True,False,0,False,False,0,1,False,0,False,False,True,False,0.03641338665544096,1
False,True,1,False,False,0,0,True,0,False,False,False,True,0.029677962534203326,1
False,False,1,False,False,1,0,False,0,False,False,False,False,0.350873500315723,0
False,False,0,True,False,1,1,False,0,False,False,False,True,0.15091559671648075,2
False,False,1,False,False,0,0,False,0,False,False,False,False,0.15091559671648075,5
False,True,1,True,False,0,0,False,1,False,False,False,True,0.16417596295516734,1
False,True,0,False,False,0,1,True,0,True,False,False,False,0.350873500315723,1
False,False,1,False,False,0,0,False,1,False,False,False,True,0.0014733740265207324,1
False,True,0,False,False,0,1,False,1,False,False,False,False,0.16417596295516734,4
False,True,0,False,False,0,1,False,0,False,False,False,True,0.02252157440538834,3
False,False,1,True,False,0,0,False,0,False,False,False,True,0.350873500315723,5
False,False,0,False,False,0,1,False,0,False,False,False,True,0.350873500315723,4
False,True,1,False,False,0,0,True,1,False,False,False,False,0.15091559671648075,1
False,True,1,True,False,0,0,False,1,False,False,False,False,0.16417596295516734,1
False,False,1,True,False,0,0,False,0,True,False,False,False,0.03641338665544096,2
False,True,0,False,True,0,1,False,0,False,False,False,True,0.350873500315723,2
False,True,0,False,False,1,1,False,0,False,False,False,False,0.15091559671648075,2
False,True,1,True,False,0,0,False,0,False,False,False,True,0.350873500315723,4
False,False,0,False,False,0,1,False,0,False,False,True,False,0.011576510208377183,2
False,False,1,False,False,0,0,False,0,False,False,False,False,0.03641338665544096,1
False,False,0,False,True,0,1,False,1,False,False,False,True,0.02252157440538834,1
False,False,1,False,False,1,0,True,0,False,False,True,False,0.350873500315723,1
False,False,0,True,False,0,1,False,0,False,False,False,False,0.15091559671648075,1
False,True,0,False,False,1,0,False,0,False,False,False,False,0.02252157440538834,0
False,True,0,False,False,1,1,True,0,True,False,False,False,0.16417596295516734,4
False,True,0,False,False,1,1,False,0,False,False,False,False,0.02252157440538834,1
False,True,0,True,False,1,1,False,0,False,False,False,False,0.16417596295516734,1
True,False,0,True,False,0,1,False,0,False,False,False,True,0.350873500315723,4
True,True,1,True,False,0,0,False,0,False,False,False,False,0.350873500315723,0
False,True,0,False,True,0,1,False,1,False,False,False,False,0.15091559671648075,2
False,False,0,False,False,0,0,False,1,False,False,False,True,0.15091559671648075,5
False,True,0,True,False,0,1,False,0,False,False,False,False,0.350873500315723,3
False,True,1,True,False,0,0,False,0,False,False,False,False,0.16417596295516734,4
False,False,0,False,True,1,1,False,0,False,True,False,False,0.350873500315723,4
False,True,0,False,True,0,1,False,0,False,False,False,False,0.350873500315723,3
False,True,1,False,False,0,0,False,1,False,False,False,True,0.350873500315723,1
False,False,1,False,False,0,0,False,1,False,False,False,False,0.0004209640075773521,1
False,False,0,False,False,0,1,False,0,False,False,True,False,0.011576510208377183,1
False,False,0,True,False,0,1,False,0,True,False,False,False,0.350873500315723,4
False,False,1,False,True,0,0,False,0,False,False,False,True,0.15091559671648075,2
False,True,1,False,True,0,0,False,1,False,False,False,True,0.15091559671648075,5
False,True,1,False,False,0,0,True,0,False,False,False,True,0.350873500315723,3
False,True,0,True,False,0,0,False,1,False,False,True,True,0.350873500315723,5
False,False,1,False,False,1,0,True,0,False,False,False,False,0.350873500315723,5
False,False,1,False,True,0,0,False,0,True,False,False,False,0.16417596295516734,1
False,True,0,False,False,1,1,True,0,False,True,True,False,0.16417596295516734,1
True,True,0,False,True,0,1,False,1,False,False,False,False,0.350873500315723,1
False,False,0,False,False,1,1,True,0,False,False,True,True,0.350873500315723,1
False,True,0,False,False,1,0,True,0,False,False,False,False,0.350873500315723,3
False,True,1,True,False,0,0,False,0,False,False,False,False,0.350873500315723,1
False,True,0,False,False,0,0,True,0,True,False,False,False,0.350873500315723,5
False,True,1,True,False,0,0,False,0,False,False,False,True,0.350873500315723,2
False,True,0,False,False,0,1,True,0,False,False,False,False,0.0545148389812671,1
False,True,1,False,False,1,0,False,0,False,False,False,False,0.006103978109871606,1
True,False,1,False,False,0,0,False,1,False,False,False,False,0.02252157440538834,1
False,False,0,False,True,0,1,False,0,False,False,False,False,0.012418438223531888,4
False,False,0,False,False,0,1,True,1,True,False,False,False,0.16417596295516734,1
False,False,1,False,False,1,0,True,0,False,False,False,True,0.350873500315723,0
False,False,1,False,False,1,0,True,0,False,False,False,True,0.15091559671648075,3
False,False,1,True,False,0,0,False,1,False,False,False,True,0.16417596295516734,1
False,False,1,False,False,0,0,False,0,True,False,False,False,0.15091559671648075,3
False,True,1,False,False,1,0,False,0,False,False,False,False,0.350873500315723,3
False,True,0,True,False,0,0,False,0,False,False,False,False,0.15091559671648075,1
False,False,0,False,False,0,1,False,0,False,False,False,False,0.0016838560303094085,1
False,True,0,False,False,0,0,True,0,False,False,False,True,0.350873500315723,2
False,False,0,True,False,0,1,False,0,False,False,False,False,0.16417596295516734,4
True,False,1,True,False,0,0,False,1,False,False,False,False,0.350873500315723,1
False,True,1,True,False,0,0,False,0,False,False,True,True,0.03641338665544096,1
False,False,1,True,False,0,0,False,0,False,False,False,False,0.009261208166701748,1
False,True,1,False,False,1,0,False,0,False,False,False,False,0.017470006314460114,1
False,True,1,False,False,0,0,False,0,False,False,False,True,0.350873500315723,1
False,True,1,True,False,0,0,False,1,False,False,False,False,0.16417596295516734,0
False,False,1,False,False,1,0,False,0,False,False,False,False,0.002104820037886761,1
False,False,1,False,False,0,0,False,0,False,False,False,False,0.0545148389812671,2
True,False,1,False,False,0,0,False,0,False,False,False,False,0.017470006314460114,0
False,False,0,False,False,0,1,True,0,False,False,False,True,0.350873500315723,1
False,True,0,True,False,0,0,False,1,False,False,True,False,0.02252157440538834,1
False,False,0,False,True,0,1,False,0,False,False,False,True,0.012418438223531888,1
False,False,0,False,False,0,1,False,0,False,False,False,False,0.029677962534203326,1
False,True,1,False,False,0,0,True,1,False,False,False,False,0.16417596295516734,3
False,False,1,False,False,0,0,False,0,False,False,True,False,0.03641338665544096,1
False,False,1,False,False,0,0,False,0,False,False,False,False,0.02252157440538834,5
False,True,0,True,False,0,1,False,0,False,True,False,False,0.16417596295516734,4
False,False,0,False,False,0,1,True,0,False,False,False,False,0.16417596295516734,4
False,True,0,False,False,0,1,True,0,False,False,False,False,0.16417596295516734,1
True,True,1,False,False,0,0,True,1,False,False,False,True,0.005262050094716902,1
False,False,0,False,False,1,1,False,0,False,False,False,False,0.350873500315723,4
False,False,1,False,False,0,0,True,0,False,False,False,False,0.16417596295516734,3
False,False,1,True,False,0,0,False,0,True,False,False,False,0.003578194064407493,2
False,False,0,False,False,0,0,True,0,False,False,False,True,0.15091559671648075,1
False,True,1,False,False,0,0,True,0,False,False,True,True,0.16417596295516734,3
False,True,1,False,False,1,0,True,0,False,False,False,False,0.0545148389812671,3
False,False,0,False,False,1,0,False,0,False,False,False,False,0.15091559671648075,1
False,True,1,False,False,0,0,True,0,False,False,False,True,0.16417596295516734,0
False,False,0,False,False,0,1,False,0,False,False,False,False,0.03641338665544096,1
False,True,1,False,False,0,0,False,0,False,False,False,True,0.0545148389812671,5
True,True,1,False,False,0,0,True,0,False,False,True,False,0.16417596295516734,3
False,True,0,False,False,0,0,True,0,True,False,True,False,0.0545148389812671,5
False,False,0,False,False,1,1,True,0,False,False,False,False,0.029677962534203326,4
False,True,1,False,True,0,0,False,1,False,False,False,True,0.15091559671648075,5
False,False,1,False,False,1,0,False,0,False,False,False,False,0.0018943380340980846,5
False,True,0,False,False,0,1,False,0,False,False,False,False,0.01178699221216586,1
False,True,1,False,False,0,0,False,0,False,False,False,False,0.15091559671648075,2
False,False,1,True,False,0,0,False,1,False,False,False,True,0.012418438223531888,2
False,False,0,False,False,0,1,False,0,False,False,True,False,0.011576510208377183,1
False,True,1,False,False,1,0,True,0,False,False,False,False,0.002946748053041465,1
False,False,1,True,False,0,0,False,0,False,False,False,True,0.0545148389812671,1
False,False,1,True,False,1,0,False,0,False,False,False,False,0.15091559671648075,2
False,False,1,True,False,0,0,False,0,False,False,False,False,0.15091559671648075,2
False,True,1,True,False,0,0,False,0,False,False,False,False,0.350873500315723,2
False,True,0,False,False,1,0,True,0,False,False,False,False,0.350873500315723,3
False,False,1,False,False,0,0,False,0,False,False,False,False,0.350873500315723,1
False,False,1,True,False,0,0,False,0,False,False,False,True,0.15091559671648075,1
False,True,1,False,True,1,0,False,0,True,False,False,False,0.16417596295516734,2
False,True,0,False,False,0,1,False,1,False,False,False,False,0.15091559671648075,4
False,True,1,False,False,0,0,False,0,False,False,False,True,0.16417596295516734,0
False,True,0,False,False,1,0,False,0,False,False,False,True,0.02252157440538834,1
False,False,1,False,False,0,0,False,0,False,False,False,False,0.350873500315723,4
True,False,0,False,False,0,1,False,0,False,False,False,True,0.16417596295516734,4
False,False,1,False,False,0,0,True,0,False,False,True,False,0.15091559671648075,1
False,False,1,False,True,0,0,False,1,True,False,False,False,0.15091559671648075,1
True,True,1,False,False,0,0,False,1,False,False,True,False,0.006314460113660282,0
False,False,1,False,False,0,0,False,0,False,False,False,True,0.350873500315723,1
False,False,1,False,True,0,0,False,0,False,False,False,False,0.15091559671648075,1
False,True,1,False,False,0,0,False,1,False,False,False,True,0.16417596295516734,0
False,True,1,False,False,0,0,True,0,False,False,False,True,0.350873500315723,1
False,True,0,True,False,0,1,False,1,False,False,True,True,0.350873500315723,1
True,True,1,True,False,0,0,False,0,False,False,False,False,0.16417596295516734,3
False,False,1,False,False,0,0,False,0,False,False,False,False,0.02252157440538834,4
False,True,0,False,False,0,1,True,0,True,False,False,False,0.0545148389812671,2
False,True,1,True,False,0,0,False,0,True,False,False,False,0.009261208166701748,3
False,True,0,True,False,0,1,False,0,False,False,False,True,0.350873500315723,1
False,False,0,False,True,0,1,False,1,False,False,False,True,0.350873500315723,1
False,True,1,False,True,0,0,False,1,False,False,False,True,0.15091559671648075,1
False,True,1,False,False,0,0,True,0,False,False,False,False,0.15091559671648075,1
False,True,1,False,True,0,0,False,1,False,False,False,True,0.03641338665544096,1
False,True,1,True,False,0,0,False,0,False,False,False,True,0.350873500315723,2
False,False,1,False,False,0,0,False,0,False,False,True,False,0.002104820037886761,0
True,False,0,False,False,0,0,False,0,False,False,True,False,0.03641338665544096,1
False,True,1,False,False,1,0,False,0,False,False,False,False,0.16417596295516734,3
False,True,1,True,False,0,0,False,0,False,False,False,False,0.16417596295516734,3
False,True,1,False,False,0,0,False,1,False,False,False,True,0.15091559671648075,1
False,False,1,False,False,0,0,False,1,False,False,False,True,0.350873500315723,3
False,True,1,False,False,0,0,True,0,False,False,False,False,0.012418438223531888,3
False,True,1,False,False,1,0,False,0,False,False,False,False,0.0545148389812671,3
False,True,0,False,False,0,0,True,0,False,False,False,False,0.350873500315723,4
False,True,1,True,False,0,0,False,0,False,False,False,False,0.16417596295516734,1
False,False,1,False,False,0,0,False,0,False,False,False,True,0.15091559671648075,2
False,False,0,False,False,1,0,False,0,False,False,False,False,0.15091559671648075,2
False,True,1,False,False,0,0,False,1,False,False,False,False,0.007366870132603663,3
False,True,0,True,False,0,0,False,0,False,False,False,True,0.350873500315723,4
False,False,1,True,False,0,0,False,1,True,False,False,False,0.02252157440538834,2
False,True,1,False,False,0,0,True,0,False,False,False,True,0.01178699221216586,1
False,False,0,False,False,0,0,False,1,False,False,True,False,0.03641338665544096,4
False,False,0,False,True,0,0,False,1,False,False,False,True,0.350873500315723,1
False,False,0,False,False,0,0,True,0,True,False,False,False,0.350873500315723,5
False,False,0,False,False,1,1,False,0,False,False,False,False,0.350873500315723,1
False,True,0,False,False,0,1,True,1,False,False,True,True,0.350873500315723,1
False,True,0,False,False,0,0,True,0,False,False,False,True,0.015154704272784677,1
False,False,1,False,False,0,0,False,0,False,False,False,False,0.029677962534203326,3
False,True,1,False,False,0,0,False,0,False,False,False,True,0.0018943380340980846,1
False,True,0,True,False,0,0,False,0,False,False,False,False,0.012418438223531888,2
False,False,1,False,False,0,0,False,0,False,False,False,False,0.011576510208377183,1
True,False,0,False,False,0,1,False,0,False,False,True,False,0.03641338665544096,1
False,False,1,False,False,0,0,False,0,False,False,False,False,0.0545148389812671,3
False,True,1,False,False,1,0,False,0,False,False,False,True,0.350873500315723,1
False,False,1,True,False,0,0,False,0,False,False,False,False,0.16417596295516734,3
False,True,0,False,False,0,1,True,0,False,False,False,False,0.15091559671648075,4
False,False,1,False,False,1,0,False,0,False,False,False,False,0.015154704272784677,1
False,True,1,False,False,0,0,False,0,False,False,False,False,0.15091559671648075,2
True,False,0,False,False,0,1,False,0,False,False,False,False,0.02252157440538834,0
False,False,1,False,False,0,0,False,1,False,False,False,False,0.017470006314460114,1
False,False,0,True,False,1,1,False,0,False,False,False,False,0.003788676068196169,4
False,False,1,False,False,0,0,False,0,False,False,False,False,0.005262050094716902,1
False,True,0,False,False,0,0,False,0,False,False,False,False,0.16417596295516734,4
False,True,0,False,False,0,0,True,1,False,False,True,True,0.16417596295516734,1
False,True,0,True,False,0,1,False,0,False,False,False,False,0.0016838560303094085,4
False,False,0,False,False,0,1,False,1,False,False,True,False,0.350873500315723,1
False,False,1,True,False,0,0,False,0,False,False,False,False,0.16417596295516734,3
False,False,1,False,False,0,0,False,0,False,False,False,False,0.0016838560303094085,4
True,False,0,False,False,0,0,False,0,False,False,True,False,0.015154704272784677,0
False,True,1,False,False,0,0,True,0,False,False,True,True,0.350873500315723,1
False,False,0,False,False,0,0,False,0,False,False,False,False,0.015154704272784677,0
False,True,1,True,False,0,0,False,1,False,False,False,False,0.16417596295516734,0
False,False,0,False,True,1,1,False,0,False,False,False,True,0.350873500315723,4
False,True,0,True,False,0,1,False,0,False,False,False,True,0.350873500315723,4
False,False,0,False,False,0,1,False,0,False,False,False,False,0.009261208166701748,4
False,True,0,True,False,0,1,False,0,False,False,False,False,0.350873500315723,4
False,False,0,False,False,1,0,True,0,False,False,False,True,0.350873500315723,5
False,False,0,True,False,0,1,False,0,False,False,False,False,0.350873500315723,4
False,False,0,False,False,1,1,False,0,False,False,False,False,0.029677962534203326,2
False,False,1,False,False,0,0,False,0,False,False,False,False,0.006314460113660282,1
False,False,1,False,True,1,0,False,0,False,False,False,True,0.350873500315723,1
False,False,1,False,False,0,0,False,1,False,False,False,False,0.0018943380340980846,2
False,False,1,False,True,0,0,False,1,False,False,False,True,0.003367712060618817,3
False,True,0,False,False,0,1,True,0,False,False,False,False,0.16417596295516734,1
False,False,0,False,False,0,1,False,1,False,False,False,True,0.350873500315723,1
True,False,0,False,False,0,0,False,0,False,False,False,False,0.16417596295516734,1
False,True,1,False,False,0,0,False,0,False,False,True,False,0.01178699221216586,4
True,False,0,False,False,0,1,False,0,False,False,True,False,0.03641338665544096,1
False,True,1,False,True,1,0,False,0,False,False,False,False,0.350873500315723,1
True,True,0,False,True,0,1,False,0,False,False,False,False,0.350873500315723,4
False,False,1,False,False,0,0,False,1,False,False,False,False,0.0545148389812671,4
False,False,1,False,True,0,0,False,1,False,False,False,True,0.003578194064407493,0
False,False,0,False,False,0,1,False,0,False,False,False,False,0.350873500315723,3
False,True,0,False,False,0,0,False,0,False,False,False,True,0.0545148389812671,1
False,False,1,False,False,0,0,True,1,False,False,False,True,0.005262050094716902,1
False,False,0,False,True,0,1,False,0,False,False,False,True,0.350873500315723,5
False,False,1,False,False,0,0,False,0,False,False,True,False,0.15091559671648075,5
False,False,0,False,False,0,1,False,0,False,False,False,False,0.16417596295516734,4
False,False,1,False,False,0,0,False,0,False,False,False,False,0.0545148389812671,1
False,True,1,False,False,0,0,False,0,False,False,False,False,0.004420122079562197,1
False,False,0,False,True,0,1,False,0,False,False,False,False,0.350873500315723,4
False,True,0,False,False,0,1,True,0,False,False,False,False,0.15091559671648075,4
False,False,0,False,False,0,1,False,1,False,False,True,False,0.009261208166701748,1
False,False,1,False,False,0,0,False,0,False,False,False,False,0.16417596295516734,1
False,True,0,False,False,1,1,False,0,True,False,False,False,0.0545148389812671,4
False,True,1,False,False,0,0,True,0,False,False,False,False,0.0008419280151547042,1
False,True,1,False,False,0,0,True,1,True,False,False,False,0.15091559671648075,4
False,True,0,False,False,0,1,False,0,False,False,False,True,0.350873500315723,4
False,True,1,False,False,0,0,True,1,False,False,False,False,0.0545148389812671,1
False,True,0,False,False,1,0,False,0,False,False,False,True,0.02252157440538834,1
False,True,1,False,False,1,0,True,0,False,False,False,False,0.15091559671648075,1
False,True,0,False,False,0,0,False,0,False,False,False,False,0.16417596295516734,0
False,True,1,False,False,1,0,True,0,False,False,True,False,0.16417596295516734,1
False,True,0,False,True,0,1,False,0,True,False,False,False,0.350873500315723,4
False,True,1,False,False,0,0,False,0,False,False,False,False,0.15091559671648075,2
False,True,0,False,False,0,1,False,1,False,False,False,False,0.350873500315723,1
False,False,0,False,False,1,1,False,0,False,False,True,False,0.015154704272784677,1
False,False,1,False,False,0,0,False,0,False,False,False,False,0.350873500315723,1
False,False,1,False,False,0,0,True,0,False,False,False,True,0.15091559671648075,4
False,False,0,True,False,0,0,False,0,False,False,False,False,0.350873500315723,3
False,False,1,False,False,0,0,False,0,False,False,False,False,0.350873500315723,3
False,False,0,False,False,0,1,False,0,False,False,False,False,0.15091559671648075,4
False,True,0,True,False,0,0,False,0,True,False,False,False,0.350873500315723,4
False,False,0,False,False,1,0,True,0,False,False,False,True,0.15091559671648075,1
False,False,1,False,True,0,0,False,0,False,False,False,False,0.350873500315723,4
False,True,0,False,False,0,1,False,0,False,False,False,True,0.350873500315723,1
False,True,0,False,True,0,1,False,0,False,True,False,True,0.004420122079562197,1
False,False,1,False,False,1,0,False,0,False,False,False,False,0.011576510208377183,1
False,False,1,False,False,0,0,False,0,False,False,False,False,0.02252157440538834,4
True,False,1,False,True,0,0,False,1,False,False,False,False,0.16417596295516734,1
False,False,0,False,False,0,0,True,0,False,False,False,False,0.005262050094716902,5
False,False,1,True,False,0,0,False,0,True,False,False,False,0.350873500315723,4
False,True,1,True,False,0,0,False,1,False,False,False,True,0.16417596295516734,3
False,False,1,False,False,0,0,False,0,False,False,False,False,0.15091559671648075,5
False,False,0,False,False,0,1,True,0,False,False,True,True,0.007366870132603663,4
False,True,1,True,False,0,0,False,1,False,False,False,False,0.006103978109871606,1
False,False,0,False,False,0,0,False,0,False,False,False,False,0.02252157440538834,0
False,True,0,True,False,0,0,False,0,False,False,True,False,0.15091559671648075,1
False,False,1,False,False,0,0,False,0,False,False,False,False,0.007787834140181015,3
False,False,0,False,False,0,1,True,0,False,False,True,True,0.15091559671648075,1
False,True,1,True,False,1,0,False,0,False,False,True,False,0.16417596295516734,1
True,False,0,False,False,1,0,False,0,False,False,True,False,0.007366870132603663,0
False,False,0,False,False,0,0,False,1,False,False,False,True,0.15091559671648075,0
False,True,1,True,False,0,0,False,1,False,False,False,False,0.350873500315723,1
False,False,1,True,False,1,0,False,0,False,False,False,True,0.350873500315723,5
False,True,1,True,False,0,0,False,0,True,True,False,False,0.350873500315723,1
False,False,1,True,False,0,0,False,0,False,False,False,True,0.350873500315723,1
False,True,1,False,False,0,0,False,0,False,False,False,True,0.15091559671648075,5
False,True,0,False,False,0,1,False,0,False,False,False,True,0.15091559671648075,1
True,True,0,False,False,0,0,True,0,False,False,False,True,0.350873500315723,5
False,False,1,False,False,0,0,False,0,False,False,False,False,0.003157230056830141,1
False,True,0,False,False,1,1,True,0,False,False,True,False,0.00484108608713955,1
False,False,1,False,False,0,0,True,0,False,False,True,True,0.0545148389812671,5
False,True,1,False,False,0,0,False,0,True,False,False,False,0.350873500315723,1
False,False,0,False,False,1,0,True,0,True,False,False,False,0.16417596295516734,5
False,False,1,False,False,0,0,True,0,False,False,False,True,0.15091559671648075,0
True,False,1,False,False,0,0,False,1,False,False,False,False,0.0545148389812671,5
False,True,0,False,False,0,0,True,0,False,False,False,True,0.350873500315723,5
False,False,1,False,False,0,0,True,0,False,False,False,True,0.15091559671648075,1
False,True,0,False,False,0,0,False,0,False,False,False,False,0.350873500315723,5
False,True,1,False,False,0,0,True,0,False,False,False,True,0.15091559671648075,2
False,False,0,False,False,0,0,False,0,False,False,False,False,0.350873500315723,1
False,True,1,False,False,1,0,True,0,True,False,False,False,0.350873500315723,3
False,True,1,False,False,1,0,True,0,False,False,True,True,0.350873500315723,0
False,True,0,False,False,1,1,True,0,False,False,False,True,0.0545148389812671,4
False,True,1,False,False,0,0,False,1,False,False,False,False,0.15091559671648075,3
False,False,1,True,False,0,0,False,0,True,False,False,False,0.15091559671648075,2
False,False,1,False,True,0,0,False,1,False,False,False,False,0.15091559671648075,0
False,False,1,True,False,0,0,False,0,True,False,False,False,0.15091559671648075,1
False,False,1,False,False,1,0,False,0,False,False,False,False,0.0014733740265207324,4
False,False,1,False,True,1,0,False,0,False,False,False,False,0.350873500315723,5
False,True,0,False,False,0,1,False,0,False,False,False,True,0.350873500315723,1
False,False,1,False,False,0,0,True,1,False,False,False,True,0.16417596295516734,3
False,True,0,True,False,1,0,False,0,True,False,False,False,0.350873500315723,4
False,False,0,False,True,1,1,False,0,False,False,False,False,0.16417596295516734,4
False,False,0,False,False,0,0,False,0,False,False,True,False,0.017470006314460114,1
False,False,0,False,False,0,1,True,0,True,False,False,False,0.350873500315723,1
False,True,1,False,False,0,0,False,1,False,False,False,False,0.350873500315723,5
False,False,0,False,True,0,1,False,0,False,False,False,True,0.350873500315723,3
False,True,1,False,False,0,0,True,1,False,False,True,True,0.15091559671648075,1
False,True,1,True,False,1,0,False,0,False,False,False,True,0.16417596295516734,1
False,False,1,False,False,0,0,False,0,False,False,False,True,0.16417596295516734,1
False,True,0,False,False,0,0,False,0,False,False,False,False,0.16417596295516734,1
False,False,0,True,False,0,0,False,0,False,False,True,True,0.350873500315723,1
False,False,0,False,False,0,0,False,0,False,False,False,True,0.16417596295516734,4
False,False,1,False,False,0,0,False,1,False,False,False,False,0.011576510208377183,1
False,True,0,False,False,0,1,True,0,False,False,False,False,0.16417596295516734,1
False,True,1,True,False,0,0,False,0,True,False,False,False,0.15091559671648075,2
False,False,1,False,False,0,0,False,0,False,False,False,False,0.002104820037886761,4
False,True,0,False,False,0,1,True,1,False,False,False,True,0.16417596295516734,0
False,False,1,True,False,0,0,False,0,False,False,False,False,0.15091559671648075,1
True,False,1,False,False,1,0,False,0,False,False,True,False,0.006103978109871606,1
False,True,1,False,True,0,0,False,1,False,False,False,False,0.0545148389812671,4
False,True,0,False,False,0,1,False,1,False,False,False,True,0.350873500315723,0
False,False,0,False,False,0,1,False,0,False,False,False,False,0.029677962534203326,3
False,True,0,False,False,0,1,False,0,True,False,False,False,0.15091559671648075,1
False,False,0,False,False,0,0,False,0,False,False,False,False,0.02252157440538834,5
True,False,0,True,False,0,0,False,1,False,False,True,False,0.350873500315723,0
False,False,1,False,False,0,0,False,1,False,False,False,True,0.15091559671648075,1
False,False,0,False,False,0,1,False,0,False,False,False,False,0.015154704272784677,1
False,False,1,False,False,1,0,False,0,False,False,False,False,0.350873500315723,4
False,True,0,False,False,1,0,True,0,False,False,False,True,0.02252157440538834,4
False,True,1,True,False,0,0,False,0,False,False,False,True,0.350873500315723,1
False,True,1,False,False,0,0,False,1,True,False,False,False,0.15091559671648075,5
False,True,0,True,False,1,1,False,0,False,False,False,False,0.350873500315723,4
False,False,1,False,False,0,0,True,0,False,False,False,False,0.350873500315723,4
False,False,0,False,False,0,1,False,0,False,False,False,False,0.350873500315723,1
False,True,1,False,False,0,0,False,0,False,False,False,False,0.0545148389812671,3
False,False,1,False,False,1,0,False,0,False,False,False,False,0.0014733740265207324,1
False,False,1,False,False,0,0,False,0,False,False,False,False,0.15091559671648075,1
False,False,1,False,False,0,0,False,1,False,False,False,True,0.15091559671648075,3
False,False,1,False,False,0,0,False,0,False,False,False,False,0.029677962534203326,4
False,True,1,False,False,0,0,True,0,False,False,False,False,0.003578194064407493,4
False,True,1,False,False,1,0,False,0,False,False,False,False,0.006103978109871606,1
False,True,1,True,False,0,0,False,1,False,False,False,True,0.16417596295516734,0
False,True,1,True,False,0,0,False,1,False,False,False,True,0.15091559671648075,1
False,False,0,False,True,0,1,False,0,False,False,False,True,0.16417596295516734,0
False,False,1,True,False,0,0,False,0,False,False,False,True,0.02252157440538834,2
False,True,0,False,True,0,1,False,0,False,False,False,False,0.017470006314460114,1
False,False,1,False,False,0,0,False,0,False,False,False,True,0.350873500315723,1
False,False,1,False,False,0,0,True,1,False,False,False,False,0.15091559671648075,4
False,False,1,False,False,0,0,False,0,False,False,False,False,0.029677962534203326,3
False,True,1,False,False,0,0,True,1,False,False,False,False,0.350873500315723,1
False,False,1,True,False,0,0,False,0,False,False,False,False,0.0010524100189433804,3
False,True,1,False,False,0,0,False,0,False,False,False,True,0.350873500315723,4
True,True,1,False,False,0,0,True,0,False,False,True,False,0.0545148389812671,1
False,True,1,True,False,0,0,False,0,False,False,False,False,0.0545148389812671,3
False,False,0,False,True,0,0,False,0,False,False,False,True,0.15091559671648075,5
False,False,1,False,False,0,0,False,1,False,False,False,False,0.15091559671648075,1
False,True,0,False,False,0,0,False,0,False,False,False,False,0.0545148389812671,1
False,False,1,False,True,0,0,False,0,False,False,False,True,0.15091559671648075,2
False,False,1,False,False,0,0,False,0,False,False,False,False,0.015154704272784677,5
False,True,0,False,True,1,1,False,0,False,False,False,True,0.16417596295516734,4
False,False,1,False,False,0,0,False,1,False,False,False,True,0.006103978109871606,1
False,False,1,True,False,0,0,False,0,False,False,False,True,0.16417596295516734,3
False,True,0,False,False,0,1,True,1,False,False,True,True,0.15091559671648075,4
False,False,1,False,False,0,0,False,1,False,False,False,False,0.15091559671648075,2
False,True,1,True,False,0,0,False,0,True,True,False,False,0.350873500315723,5
False,False,0,False,False,0,1,False,0,False,False,False,False,0.011576510208377183,1
False,False,0,False,False,0,0,False,0,False,False,False,False,0.0025257840454641126,0
False,True,1,False,False,1,0,False,0,False,False,False,False,0.350873500315723,2
False,False,1,False,False,0,0,False,0,False,False,True,False,0.011576510208377183,4
False,False,0,False,False,1,1,True,0,False,False,False,True,0.15091559671648075,1
True,True,0,True,False,0,0,False,0,False,False,False,False,0.350873500315723,5
False,False,1,False,False,1,0,False,0,False,False,True,False,0.005262050094716902,1
False,True,1,False,False,0,0,False,0,False,False,False,True,0.16417596295516734,0
False,True,0,False,False,1,0,False,0,False,False,False,True,0.350873500315723,4
False,True,1,False,True,0,0,False,0,False,False,False,True,0.16417596295516734,0
False,False,0,True,False,0,1,False,1,False,False,False,False,0.0545148389812671,4
False,True,1,False,False,0,0,True,0,False,False,False,False,0.350873500315723,5
False,True,1,False,False,0,0,True,0,False,False,False,True,0.009261208166701748,3
False,True,1,False,False,0,0,True,0,False,False,False,False,0.003578194064407493,4
False,False,1,True,False,1,0,False,0,False,False,False,False,0.350873500315723,2
False,True,1,False,False,0,0,True,0,False,False,False,False,0.15091559671648075,2
False,True,1,True,False,0,0,False,1,False,False,False,False,0.02252157440538834,4
False,True,1,True,False,0,0,False,0,False,True,False,True,0.15091559671648075,4
True,False,0,False,False,0,0,True,0,True,False,True,False,0.16417596295516734,1
False,False,1,False,False,1,0,False,0,False,False,False,False,0.003578194064407493,3
True,False,0,False,False,0,0,False,0,False,False,True,False,0.03641338665544096,1
False,False,0,True,False,0,1,False,0,False,False,False,False,0.012418438223531888,4
False,True,1,False,False,1,0,False,0,False,False,False,False,0.350873500315723,1
False,False,1,False,False,0,0,False,1,False,False,False,False,0.007366870132603663,2
False,True,1,False,False,0,0,False,0,False,False,False,False,0.004420122079562197,2
False,True,0,False,True,0,1,False,0,False,False,False,False,0.350873500315723,1
False,True,1,False,False,0,0,True,1,False,False,False,False,0.0016838560303094085,1
False,True,0,False,False,0,1,True,0,False,False,True,False,0.15091559671648075,1
False,False,1,True,False,0,0,False,0,False,False,False,False,0.350873500315723,1
False,False,0,False,False,0,1,False,0,False,False,False,False,0.0545148389812671,4
True,False,1,False,False,0,0,False,1,False,False,True,False,0.03641338665544096,1
False,True,0,False,False,0,1,False,0,False,False,False,False,0.350873500315723,4
False,False,1,False,False,0,0,False,0,False,False,False,True,0.350873500315723,3
False,False,1,True,False,0,0,False,0,False,False,False,True,0.350873500315723,3
False,True,0,False,False,0,1,True,0,False,False,True,False,0.15091559671648075,1
False,False,0,False,False,0,1,False,1,False,False,False,False,0.015154704272784677,0
False,False,0,False,False,0,1,True,0,False,False,False,True,0.350873500315723,2
False,True,0,True,False,0,0,False,0,False,False,False,False,0.002104820037886761,5
False,True,0,False,False,1,1,True,0,False,False,True,True,0.02252157440538834,2
False,False,1,False,True,0,0,False,0,False,False,False,True,0.16417596295516734,0
False,False,0,False,False,0,0,False,0,False,False,False,True,0.15091559671648075,4
False,True,0,False,False,0,0,False,1,True,False,True,False,0.0545148389812671,5
False,True,1,False,False,0,0,False,0,False,False,False,False,0.350873500315723,0
False,True,1,True,False,1,0,False,0,False,False,True,True,0.006103978109871606,5
False,False,1,False,False,0,0,True,1,False,False,True,True,0.350873500315723,0
False,False,0,False,False,0,1,True,0,False,False,False,True,0.01178699221216586,3
False,True,0,False,False,0,0,False,0,False,False,False,False,0.350873500315723,4
False,False,0,True,False,0,1,False,0,True,False,False,False,0.350873500315723,4
False,False,1,False,False,0,0,True,1,False,False,False,False,0.350873500315723,1
False,False,1,False,False,0,0,True,0,False,False,False,True,0.350873500315723,1
False,True,1,False,False,0,0,True,0,False,False,True,True,0.0545148389812671,1
False,False,0,False,False,1,1,False,0,False,False,True,False,0.15091559671648075,5
True,False,0,False,False,0,0,False,0,False,False,True,False,0.015154704272784677,0
False,False,1,False,False,0,0,False,0,False,False,False,False,0.16417596295516734,1
True,False,0,False,False,0,1,False,0,False,False,False,False,0.03641338665544096,1
False,False,1,False,True,0,0,False,0,False,False,False,True,0.15091559671648075,1
False,True,0,False,False,1,1,True,0,False,False,True,False,0.15091559671648075,3
False,False,0,False,False,0,1,False,0,False,False,False,False,0.15091559671648075,4
False,False,1,False,True,0,0,False,0,True,False,False,False,0.16417596295516734,1
False,True,1,False,False,0,0,False,0,False,False,False,True,0.16417596295516734,3
False,False,1,False,False,1,0,True,0,False,False,False,False,0.02252157440538834,1
False,True,1,True,False,0,0,False,0,False,False,False,True,0.350873500315723,4
False,True,0,True,False,0,1,False,0,False,False,False,False,0.350873500315723,1
False,False,1,False,False,0,0,True,0,True,False,False,False,0.15091559671648075,2
False,True,0,True,False,0,1,False,1,False,False,False,True,0.350873500315723,1
False,False,0,False,True,1,1,False,0,False,False,False,True,0.15091559671648075,5
False,True,1,False,False,0,0,False,0,False,False,False,False,0.350873500315723,1
False,False,1,True,False,0,0,False,0,True,False,False,False,0.15091559671648075,2
True,False,1,False,False,0,0,False,1,False,False,False,False,0.015154704272784677,5
False,True,0,False,True,0,1,False,1,False,False,False,False,0.0027362660492527887,1
False,False,0,False,False,0,0,False,0,False,False,False,True,0.15091559671648075,1
False,False,1,False,False,0,0,True,0,False,False,False,True,0.15091559671648075,1
False,True,0,False,False,0,1,False,0,False,False,False,True,0.15091559671648075,3
False,True,1,False,False,0,0,True,1,False,False,False,False,0.350873500315723,1
False,False,1,True,False,0,0,False,0,True,False,False,False,0.16417596295516734,4
False,True,1,False,False,0,0,False,0,False,False,False,True,0.350873500315723,2
True,True,1,False,False,0,0,True,0,False,False,True,False,0.350873500315723,2
False,False,0,False,False,0,0,False,0,False,False,False,False,0.350873500315723,5
True,True,0,False,False,1,1,True,0,False,False,True,True,0.16417596295516734,1
False,True,1,True,False,0,0,False,0,False,False,False,False,0.350873500315723,2
False,False,0,False,False,0,1,True,1,False,False,False,False,0.16417596295516734,0
True,False,1,False,False,0,0,False,0,False,False,True,False,0.03641338665544096,2
False,False,0,False,False,1,1,False,0,False,False,False,False,0.350873500315723,2
False,False,0,False,False,0,1,False,0,False,False,False,False,0.017470006314460114,0
True,True,0,True,False,0,1,False,0,True,False,True,False,0.350873500315723,4
False,False,1,False,True,0,0,False,0,True,False,False,False,0.15091559671648075,5
False,False,0,False,True,0,1,False,0,False,False,False,False,0.350873500315723,4
False,True,1,False,False,1,0,False,0,False,False,False,True,0.16417596295516734,1
False,True,1,False,False,0,0,True,0,False,False,True,True,0.16417596295516734,1
False,True,1,False,False,0,0,True,0,False,False,True,True,0.0545148389812671,5
False,False,1,False,False,0,0,False,1,False,False,True,False,0.350873500315723,5
False,False,0,True,False,0,1,False,0,False,False,False,True,0.350873500315723,4
False,True,1,True,False,0,0,False,0,False,False,False,True,0.16417596295516734,4
False,True,1,False,False,1,0,False,0,False,False,False,True,0.350873500315723,3
False,False,1,False,True,0,0,False,0,False,False,False,True,0.350873500315723,4
False,False,1,False,False,0,0,True,1,False,False,True,True,0.01178699221216586,1
False,True,0,False,False,0,1,False,1,True,False,False,False,0.350873500315723,4
False,True,1,False,False,0,0,True,0,False,False,True,True,0.0545148389812671,1
False,True,1,False,False,1,0,True,0,False,False,False,True,0.01178699221216586,1
False,True,0,True,False,0,1,False,1,False,False,False,False,0.350873500315723,4
False,True,1,False,True,0,0,False,1,False,False,False,False,0.16417596295516734,0
False,True,1,False,True,0,0,False,0,False,False,False,False,0.16417596295516734,2
False,True,1,False,False,0,0,True,0,False,False,False,True,0.006103978109871606,1
False,False,1,True,False,0,0,False,1,False,False,False,False,0.003578194064407493,1
False,False,1,False,False,0,0,False,0,False,False,False,True,0.007366870132603663,3
False,False,1,False,False,0,0,False,0,False,False,False,False,0.003578194064407493,1
False,False,1,False,False,0,0,True,0,False,False,False,True,0.16417596295516734,0
False,False,0,False,False,0,0,False,1,False,False,False,False,0.350873500315723,3
False,False,0,False,False,0,0,True,0,False,False,False,False,0.350873500315723,4
False,True,1,False,False,0,0,False,0,False,False,True,False,0.02252157440538834,1
False,False,1,False,False,0,0,False,1,False,False,False,True,0.15091559671648075,1
False,True,0,True,False,0,0,False,0,False,False,False,True,0.350873500315723,0
False,True,0,False,False,0,0,True,0,False,False,False,False,0.350873500315723,4
True,False,1,False,False,0,0,False,0,False,False,False,False,0.029677962534203326,1
False,True,1,False,True,0,0,False,1,False,False,False,True,0.350873500315723,2
True,True,0,True,False,1,1,False,0,False,False,False,True,0.16417596295516734,4
True,True,1,False,False,0,0,True,0,False,False,True,False,0.01178699221216586,1
False,False,1,False,False,0,0,False,0,False,False,False,True,0.16417596295516734,1
False,True,1,True,False,0,0,False,0,False,False,False,True,0.15091559671648075,1
False,False,0,False,True,0,0,False,0,False,False,False,False,0.350873500315723,4
False,True,0,False,False,0,0,False,0,False,False,False,False,0.350873500315723,2
False,True,0,False,False,0,1,True,1,False,False,False,True,0.029677962534203326,1
False,True,0,False,False,0,0,False,0,False,False,False,True,0.350873500315723,4
False,False,1,False,True,0,0,False,0,False,False,False,False,0.16417596295516734,1
False,False,1,False,False,0,0,False,0,False,False,False,False,0.350873500315723,1
False,False,0,False,False,0,0,False,0,True,False,False,False,0.0545148389812671,5
False,True,1,False,False,0,0,True,1,True,False,False,False,0.350873500315723,3
False,False,1,True,False,0,0,False,0,False,False,False,True,0.16417596295516734,0
False,True,1,True,False,0,0,False,0,False,False,False,False,0.350873500315723,1
False,True,1,False,False,1,0,False,0,False,False,False,True,0.350873500315723,5
False,True,1,False,False,0,0,True,1,False,False,False,False,0.15091559671648075,4
False,False,1,False,False,1,0,True,0,False,False,True,False,0.15091559671648075,1
False,False,1,False,True,0,0,False,0,False,False,False,False,0.16417596295516734,0
True,False,0,False,True,0,1,False,0,False,False,False,False,0.350873500315723,4
False,False,1,False,False,0,0,False,1,False,False,False,False,0.017470006314460114,1
False,False,0,False,False,0,0,True,0,False,False,True,False,0.007366870132603663,1
False,False,1,False,False,0,0,False,0,False,False,False,False,0.03641338665544096,1
False,True,1,False,False,0,0,False,0,False,False,False,False,0.0545148389812671,2
False,True,0,False,False,0,1,True,0,False,False,False,True,0.350873500315723,4
False,False,0,True,False,0,0,False,0,True,False,False,False,0.16417596295516734,5
True,True,1,False,False,0,0,True,0,False,False,True,False,0.350873500315723,1
False,False,1,False,False,0,0,True,0,True,False,False,False,0.16417596295516734,1
False,False,1,True,False,0,0,False,0,False,False,False,False,0.029677962534203326,4
False,True,1,False,False,0,0,True,1,False,False,True,True,0.350873500315723,1
False,False,0,False,False,1,1,False,0,False,False,False,False,0.029677962534203326,4
False,True,1,False,False,0,0,True,0,False,False,True,True,0.0545148389812671,1
False,False,0,False,False,1,1,False,0,False,False,False,False,0.029677962534203326,3
False,True,1,False,False,0,0,False,0,False,False,False,True,0.003578194064407493,3
False,True,1,False,False,0,0,True,0,False,False,False,True,0.350873500315723,1
False,False,0,True,False,0,1,False,0,True,False,False,False,0.350873500315723,3
False,True,0,False,False,1,0,False,0,False,False,False,False,0.350873500315723,5
False,True,1,False,False,0,0,False,0,False,False,False,False,0.007787834140181015,3
False,False,1,False,False,1,0,False,0,False,False,False,True,0.350873500315723,1
False,False,0,False,False,0,1,False,0,False,False,False,False,0.029677962534203326,1
False,True,1,False,False,0,0,False,0,False,False,False,False,0.350873500315723,5
False,False,1,False,False,0,0,False,0,False,False,False,False,0.350873500315723,3
False,False,1,False,False,0,0,False,1,False,False,False,False,0.15091559671648075,1
False,False,1,False,False,0,0,True,0,False,False,False,True,0.15091559671648075,1
False,False,1,False,False,0,0,False,0,False,False,False,False,0.029677962534203326,4
False,False,0,True,False,0,1,False,0,True,False,False,False,0.350873500315723,2
False,True,1,False,False,0,0,True,0,False,False,True,True,0.16417596295516734,1
False,False,1,False,False,0,0,False,0,False,False,True,False,0.03641338665544096,1
False,True,1,True,False,0,0,False,1,False,False,False,False,0.350873500315723,1
False,False,0,False,False,0,0,True,0,False,False,False,True,0.16417596295516734,4
False,False,0,False,False,0,1,False,0,False,False,False,True,0.350873500315723,4
False,True,0,False,False,0,1,True,0,False,False,True,True,0.350873500315723,1
False,False,0,False,False,0,1,False,1,False,False,False,False,0.03641338665544096,1
False,False,1,False,True,0,0,False,0,False,False,False,False,0.0545148389812671,3
True,True,0,True,False,0,1,False,1,False,False,False,False,0.0545148389812671,3
False,False,0,False,False,0,1,True,0,False,False,False,True,0.003788676068196169,2
False,False,1,False,False,0,0,False,0,False,False,False,True,0.15091559671648075,1
False,False,0,False,False,0,1,False,0,False,False,False,False,0.0008419280151547042,4
False,True,0,False,False,0,1,True,1,False,False,True,True,0.350873500315723,3
True,False,1,False,False,1,0,False,0,False,False,False,False,0.16417596295516734,5
False,True,1,False,False,0,0,True,0,True,False,False,False,0.350873500315723,4
False,True,1,False,True,0,0,False,0,False,False,False,False,0.15091559671648075,3
False,True,0,False,True,0,0,False,0,False,False,False,False,0.16417596295516734,4
False,False,1,False,False,0,0,True,1,False,False,False,False,0.15091559671648075,1
False,True,0,False,False,0,1,False,0,False,False,False,True,0.007787834140181015,4
False,False,1,False,False,0,0,False,1,False,False,False,False,0.011576510208377183,4
False,True,1,False,False,0,0,False,0,False,False,False,False,0.16417596295516734,2
False,True,1,True,False,0,0,False,0,True,False,False,False,0.16417596295516734,3
False,True,1,False,False,0,0,False,1,False,False,False,False,0.350873500315723,1
False,False,0,False,False,0,1,False,1,False,False,False,False,0.003367712060618817,1
False,False,1,False,False,0,0,True,0,False,False,False,True,0.15091559671648075,2
False,False,0,False,False,0,1,False,0,False,False,False,True,0.350873500315723,2
False,True,1,False,True,0,0,False,0,False,False,False,True,0.16417596295516734,4
False,False,0,True,False,1,1,False,0,True,False,False,False,0.350873500315723,1
False,False,0,False,False,0,1,False,0,False,False,False,False,0.006314460113660282,4
False,True,0,False,False,1,1,False,0,False,False,False,True,0.350873500315723,1
False,True,1,False,False,0,0,False,1,False,False,False,False,0.16417596295516734,1
False,False,0,False,False,0,0,True,0,False,False,False,True,0.350873500315723,5
False,False,0,False,False,1,0,True,0,False,False,False,True,0.0545148389812671,1
False,False,1,False,False,0,0,False,0,False,False,False,False,0.029677962534203326,0
False,False,0,False,False,1,1,False,0,False,False,False,False,0.003578194064407493,2
True,False,0,False,False,0,1,False,0,False,False,False,False,0.015154704272784677,1
False,False,1,True,False,0,0,False,0,False,False,False,False,0.350873500315723,3
False,False,1,False,False,0,0,True,0,False,False,False,False,0.007787834140181015,1
False,True,1,False,True,0,0,False,0,False,False,False,False,0.350873500315723,1
False,False,1,False,False,0,0,False,1,False,False,False,False,0.011576510208377183,1
False,True,0,True,False,0,0,False,0,False,True,False,False,0.350873500315723,1
False,False,1,False,False,0,0,False,0,False,False,True,True,0.15091559671648075,1
True,True,0,False,False,0,0,False,1,False,False,False,False,0.16417596295516734,1
False,False,1,True,False,1,0,False,0,False,False,False,True,0.006103978109871606,1
False,False,1,False,True,0,0,False,0,False,False,False,True,0.16417596295516734,1
False,True,0,False,False,0,0,True,0,False,False,False,True,0.0545148389812671,1
False,True,0,False,False,0,0,False,1,False,False,True,True,0.350873500315723,1
False,True,0,True,False,0,0,False,0,False,False,False,False,0.003578194064407493,3
False,False,0,False,False,0,0,False,0,False,False,False,True,0.350873500315723,4
False,False,1,False,True,0,0,False,0,False,False,False,True,0.350873500315723,1
False,True,1,False,True,0,0,False,1,True,False,False,False,0.006314460113660282,1
False,True,1,False,False,0,0,False,1,False,False,True,True,0.350873500315723,5
False,False,1,False,False,1,0,True,0,False,False,False,True,0.15091559671648075,1
False,True,1,False,False,0,0,False,0,False,False,True,True,0.0545148389812671,2
False,True,1,False,False,0,0,True,0,False,False,True,False,0.350873500315723,1
False,False,0,False,False,0,1,False,1,False,False,False,True,0.350873500315723,3
False,True,1,True,False,0,0,False,0,False,False,False,True,0.16417596295516734,1
True,False,0,False,False,1,1,False,0,False,False,False,False,0.015154704272784677,0
False,True,1,False,False,0,0,False,0,False,False,False,True,0.350873500315723,1
False,True,0,True,False,1,0,False,0,False,False,False,True,0.02252157440538834,1
False,False,1,False,False,1,0,False,0,False,False,False,False,0.015154704272784677,5
False,False,0,True,False,0,0,False,0,False,False,False,False,0.350873500315723,1
False,True,0,False,False,0,1,True,1,False,False,False,True,0.0545148389812671,4
False,True,1,False,False,0,0,True,0,False,False,False,True,0.350873500315723,5
False,True,1,False,False,0,0,False,0,False,False,False,True,0.350873500315723,3
False,True,0,False,False,1,1,True,0,False,False,False,True,0.15091559671648075,3
True,True,0,False,False,1,1,True,0,False,False,False,False,0.350873500315723,3
False,False,0,False,False,0,1,False,0,False,False,False,False,0.00484108608713955,4
False,False,1,True,False,0,0,False,0,False,False,False,True,0.15091559671648075,4
False,False,1,False,False,0,0,False,0,False,False,False,False,0.02252157440538834,3
False,True,1,True,False,0,0,False,0,False,False,False,True,0.029677962534203326,1
False,True,1,False,False,0,0,True,0,False,False,True,False,0.0545148389812671,4
False,False,1,False,False,0,0,True,0,False,False,False,False,0.16417596295516734,2
True,False,0,False,False,0,1,False,0,False,False,False,False,0.03641338665544096,4
False,False,1,False,False,0,0,False,0,False,False,False,True,0.15091559671648075,2
False,True,0,True,False,0,0,False,0,False,False,True,True,0.0545148389812671,1
False,True,1,False,False,0,0,False,0,False,False,False,False,0.007787834140181015,3
False,True,0,False,True,0,1,False,1,False,False,False,True,0.16417596295516734,1
False,True,0,False,False,0,0,False,0,False,False,False,True,0.350873500315723,1
False,True,0,False,False,1,1,False,0,False,False,False,True,0.350873500315723,0
False,False,1,True,False,1,0,False,0,False,False,False,True,0.16417596295516734,1
False,False,1,False,False,0,0,True,1,False,False,False,True,0.002946748053041465,4
False,False,1,False,False,0,0,False,0,False,False,False,False,0.011576510208377183,2
False,True,1,False,False,0,0,True,0,False,False,False,False,0.350873500315723,0
False,False,1,False,False,0,0,False,0,False,False,True,False,0.03641338665544096,1
False,False,0,True,False,0,1,False,0,False,False,False,True,0.16417596295516734,0
False,False,1,True,False,0,0,False,0,True,False,False,False,0.15091559671648075,2
False,False,1,False,False,0,0,True,0,True,False,False,False,0.350873500315723,2
False,True,1,False,False,0,0,False,0,False,False,False,True,0.350873500315723,5
False,True,1,False,False,0,0,True,0,False,False,False,True,0.350873500315723,1
False,False,1,False,False,1,0,False,0,False,False,False,False,0.15091559671648075,5
False,True,0,False,False,0,1,False,1,False,False,False,False,0.15091559671648075,1
False,True,1,False,False,1,0,False,0,False,False,False,False,0.350873500315723,1
False,False,0,True,False,0,1,False,0,False,False,False,True,0.16417596295516734,4
False,True,1,False,False,0,0,True,1,False,False,False,True,0.16417596295516734,1
False,True,1,False,False,0,0,False,0,False,False,False,False,0.16417596295516734,1
False,True,1,False,True,1,0,False,0,True,False,False,False,0.005262050094716902,1
False,True,0,False,False,0,1,True,0,False,False,False,False,0.009261208166701748,1
False,False,1,True,False,0,0,False,0,False,False,False,True,0.16417596295516734,3
False,True,1,True,False,0,0,False,0,False,False,False,False,0.350873500315723,1
True,True,0,False,False,0,0,False,1,False,False,True,True,0.350873500315723,4
False,False,1,False,False,0,0,True,1,False,False,False,True,0.15091559671648075,1
False,True,1,True,False,0,0,False,0,True,False,False,False,0.350873500315723,2
False,True,0,False,False,0,1,True,0,False,False,True,True,0.16417596295516734,1
False,False,0,False,False,0,1,False,0,False,False,False,False,0.029677962534203326,3
False,False,1,True,False,0,0,False,0,False,False,False,True,0.15091559671648075,2
False,True,1,True,False,0,0,False,1,False,False,False,True,0.350873500315723,1
False,True,0,False,False,0,1,False,0,False,False,False,True,0.0012628920227320563,1
False,True,0,False,False,0,1,False,0,False,False,True,True,0.16417596295516734,4
False,False,0,False,False,0,1,True,1,False,False,False,False,0.15091559671648075,4
False,True,1,True,False,0,0,False,0,False,False,False,True,0.350873500315723,4
False,False,1,False,False,0,0,False,1,True,False,False,False,0.15091559671648075,1
False,False,1,False,False,0,0,False,0,False,False,False,False,0.00484108608713955,2
False,True,0,False,True,1,1,False,0,False,False,False,True,0.350873500315723,1
False,True,1,True,False,0,0,False,0,False,False,True,True,0.007366870132603663,3
True,False,1,False,False,0,0,False,0,False,False,False,False,0.0545148389812671,1
False,True,1,False,False,0,0,False,0,False,False,False,True,0.007787834140181015,1
False,True,1,False,False,0,0,True,0,False,False,True,False,0.0545148389812671,4
False,True,0,False,False,0,1,False,0,False,False,False,False,0.0545148389812671,1
False,True,1,False,False,0,0,False,0,False,False,False,False,0.0545148389812671,1
False,False,0,False,False,0,1,True,1,False,False,False,False,0.0545148389812671,4
True,True,0,False,True,0,1,False,1,False,False,False,True,0.350873500315723,1
False,True,1,False,False,0,0,False,0,False,False,False,True,0.16417596295516734,4
False,False,0,False,True,0,1,False,0,True,False,False,False,0.350873500315723,4
False,False,1,True,False,1,0,False,0,False,False,False,True,0.350873500315723,1
False,False,1,False,False,0,0,True,0,True,False,False,False,0.0545148389812671,2
False,False,1,False,False,0,0,True,0,False,False,False,True,0.15091559671648075,1
False,False,1,False,False,0,0,True,0,False,False,True,False,0.011576510208377183,2
False,True,1,False,False,0,0,False,0,False,False,False,True,0.0014733740265207324,5
False,False,1,False,False,0,0,False,0,False,True,False,False,0.16417596295516734,2
False,False,1,True,False,0,0,False,0,True,False,False,False,0.0545148389812671,1
False,False,0,False,False,0,0,True,0,False,False,False,True,0.16417596295516734,0
False,True,1,True,False,0,0,False,0,False,False,False,True,0.16417596295516734,3
False,True,0,True,False,1,0,False,0,False,False,True,True,0.350873500315723,1
False,False,1,False,False,1,0,False,0,False,False,False,True,0.15091559671648075,1
False,False,1,False,False,0,0,False,0,False,False,False,True,0.16417596295516734,1
False,True,0,False,False,1,1,False,0,False,False,False,False,0.350873500315723,4
False,False,1,False,True,0,0,False,0,False,False,False,True,0.16417596295516734,3
True,True,1,False,False,0,0,False,0,False,False,False,False,0.350873500315723,1
False,False,0,True,False,0,1,False,0,False,False,False,True,0.350873500315723,3
False,True,0,False,False,0,1,False,0,False,False,False,False,0.009261208166701748,3
False,False,0,False,False,0,1,False,0,False,False,True,False,0.15091559671648075,4
False,False,1,False,False,0,0,False,0,False,False,False,False,0.350873500315723,1
False,True,1,False,False,0,0,True,0,False,False,True,True,0.350873500315723,5
False,True,0,False,False,1,1,True,0,False,False,True,True,0.350873500315723,4
False,True,1,False,False,0,0,False,1,False,False,False,False,0.15091559671648075,0
False,False,1,True,False,0,0,False,0,False,False,False,False,0.15091559671648075,1
False,True,0,False,False,0,0,True,0,False,False,True,False,0.0004209640075773521,3
False,False,0,False,False,0,1,False,0,False,False,False,False,0.350873500315723,1
False,True,1,False,False,1,0,True,0,False,False,True,False,0.350873500315723,4
True,False,1,False,False,0,0,False,1,False,False,True,False,0.03641338665544096,1
False,False,0,True,False,0,0,False,0,True,False,False,False,0.350873500315723,4
False,True,1,True,False,0,0,False,0,False,False,False,False,0.350873500315723,5
False,True,1,True,False,0,0,False,0,True,False,False,False,0.350873500315723,1
False,False,1,False,False,0,0,False,0,False,False,False,False,0.15091559671648075,1
False,True,1,True,False,0,0,False,0,True,False,False,False,0.012418438223531888,3
False,False,1,False,False,0,0,False,0,False,False,False,False,0.012418438223531888,1
False,True,1,False,False,0,0,True,0,False,False,False,True,0.350873500315723,1
False,True,0,False,False,1,1,False,0,False,False,False,False,0.01178699221216586,1
True,True,1,False,False,0,0,True,0,False,False,False,False,0.0545148389812671,1
False,False,1,True,False,1,0,False,0,False,False,False,True,0.16417596295516734,1
False,False,0,False,False,0,1,True,0,False,False,False,True,0.350873500315723,3
False,True,1,False,False,0,0,False,0,False,False,False,False,0.0014733740265207324,1
False,True,0,False,False,0,0,False,0,False,False,False,True,0.350873500315723,5
False,False,1,False,False,0,0,False,1,False,False,False,False,0.16417596295516734,1
False,False,1,False,False,0,0,False,1,False,False,False,False,0.15091559671648075,3
False,False,1,False,False,0,0,False,0,False,False,False,False,0.017470006314460114,1
False,True,0,False,False,1,1,True,0,False,True,True,False,0.0545148389812671,1
False,False,0,False,False,0,0,False,0,False,False,False,False,0.16417596295516734,5
False,False,1,False,False,0,0,True,0,False,False,False,False,0.15091559671648075,3
False,False,0,False,False,0,1,False,0,False,False,False,False,0.007366870132603663,1
False,True,0,False,False,0,1,True,0,False,False,True,True,0.350873500315723,4
False,True,1,False,False,0,0,True,1,False,False,False,True,0.350873500315723,1
False,True,0,True,False,0,1,False,0,True,False,False,False,0.350873500315723,4
False,False,1,False,False,1,0,False,0,False,False,False,False,0.003157230056830141,4
False,True,1,False,False,0,0,False,0,False,False,False,False,0.0545148389812671,2
False,False,1,False,False,0,0,True,0,False,False,False,True,0.15091559671648075,1
False,False,0,True,False,0,0,False,0,False,False,False,False,0.16417596295516734,5
True,False,1,False,False,0,0,False,0,False,False,True,False,0.015154704272784677,1
False,False,0,False,True,0,0,False,1,False,False,False,True,0.15091559671648075,5
False,True,0,False,False,1,0,False,0,False,False,False,False,0.350873500315723,1
False,True,1,False,False,0,0,False,0,False,False,False,True,0.350873500315723,3
False,True,0,False,False,0,0,False,1,False,False,True,False,0.350873500315723,1
True,False,1,False,False,0,0,False,0,False,False,True,False,0.007366870132603663,1
False,False,0,True,False,0,1,False,1,False,False,False,False,0.009261208166701748,4
False,True,0,True,False,0,0,False,0,True,False,False,False,0.012418438223531888,3
False,False,1,False,False,1,0,False,0,False,False,False,False,0.0545148389812671,4
False,False,1,False,False,0,0,False,0,False,False,False,False,0.03641338665544096,1
False,True,0,False,False,0,1,True,0,False,False,False,True,0.350873500315723,4
False,False,0,False,False,0,1,False,0,False,False,True,False,0.02252157440538834,4
False,True,0,False,False,1,0,True,0,False,False,False,False,0.350873500315723,3
False,True,1,False,False,1,0,True,0,False,False,False,False,0.01178699221216586,1
False,False,1,False,False,0,0,False,0,False,False,True,False,0.03641338665544096,1
False,True,0,False,False,0,1,False,1,False,False,False,False,0.16417596295516734,1
False,True,0,False,False,0,1,False,1,False,False,False,True,0.350873500315723,4
False,False,1,True,False,0,0,False,0,True,False,False,False,0.02252157440538834,1
False,False,1,False,False,0,0,False,0,False,False,False,False,0.0545148389812671,1
False,True,0,False,False,1,0,False,0,False,False,False,True,0.350873500315723,1
False,False,1,False,False,0,0,False,1,False,False,False,False,0.350873500315723,1
True,True,1,False,False,0,0,True,0,False,False,True,False,0.16417596295516734,4
False,True,1,True,False,1,0,False,0,False,False,False,False,0.350873500315723,1
False,False,1,False,False,1,0,True,0,True,False,False,False,0.15091559671648075,2
False,False,1,False,False,0,0,False,0,False,False,True,False,0.003788676068196169,1
False,True,1,False,False,0,0,True,0,False,False,False,False,0.350873500315723,1
True,False,0,False,False,0,1,False,0,False,False,True,False,0.03641338665544096,1
False,False,0,False,False,0,0,False,1,False,False,False,True,0.15091559671648075,0
False,False,1,False,False,0,0,False,1,False,False,False,False,0.15091559671648075,0
True,True,1,False,False,1,0,True,0,False,False,True,True,0.350873500315723,1
False,False,1,False,False,0,0,True,1,True,False,True,False,0.16417596295516734,1
True,False,0,False,False,0,0,False,0,False,False,True,False,0.02252157440538834,0
False,False,1,True,False,0,0,False,0,True,False,False,False,0.16417596295516734,1
False,False,1,False,False,0,0,False,0,False,False,False,False,0.003157230056830141,5
False,False,0,False,True,0,1,False,0,False,False,False,False,0.16417596295516734,1
False,False,1,False,True,0,0,False,1,False,False,False,False,0.15091559671648075,1
False,True,1,True,False,0,0,False,0,False,False,False,False,0.029677962534203326,3
True,False,0,False,False,0,1,False,0,False,False,False,False,0.16417596295516734,4
False,False,1,True,False,0,0,False,0,True,False,False,False,0.15091559671648075,5
False,True,0,True,False,0,1,False,0,False,False,False,False,0.350873500315723,1
False,False,0,False,False,0,1,False,1,False,False,False,True,0.350873500315723,4
False,True,1,False,False,0,0,False,0,False,False,False,False,0.350873500315723,1
False,True,1,False,False,0,0,True,0,False,False,False,True,0.15091559671648075,1
False,True,0,False,False,0,1,False,0,False,False,False,True,0.15091559671648075,1
False,False,1,False,False,1,0,False,0,False,False,False,False,0.350873500315723,1
False,False,0,False,False,0,1,False,0,False,False,True,False,0.15091559671648075,4
False,False,0,False,False,0,1,True,0,False,False,False,True,0.16417596295516734,1
False,True,1,False,False,0,0,True,0,False,False,True,False,0.350873500315723,4
True,False,0,False,False,0,1,False,0,False,False,True,False,0.03641338665544096,1
False,True,0,True,False,0,1,False,0,False,False,False,True,0.350873500315723,4
False,False,0,False,False,0,1,False,1,False,False,False,False,0.03641338665544096,1
False,True,0,False,False,0,1,False,0,False,False,False,True,0.350873500315723,1
False,True,1,False,False,0,0,False,0,False,False,False,True,0.16417596295516734,1
False,False,1,False,False,0,0,False,0,False,False,False,False,0.003788676068196169,2
False,False,0,False,False,0,0,False,0,True,False,False,False,0.350873500315723,5
False,False,1,False,True,0,0,False,0,False,False,False,False,0.029677962534203326,1
False,True,1,False,True,0,0,False,0,True,False,True,False,0.350873500315723,1
False,True,1,False,True,0,0,False,0,False,False,False,False,0.0545148389812671,3
False,True,1,True,False,0,0,False,0,False,False,False,True,0.350873500315723,4
True,False,0,False,False,0,1,False,0,False,False,False,False,0.029677962534203326,1
True,False,0,False,False,0,0,False,0,False,False,True,True,0.011576510208377183,5
False,True,1,False,False,0,0,True,0,False,False,False,False,0.350873500315723,2
False,True,0,True,False,0,0,False,0,False,False,False,True,0.350873500315723,1
False,False,1,False,True,0,0,False,0,False,False,True,True,0.006103978109871606,5
False,True,1,False,True,0,0,False,1,False,False,False,False,0.006314460113660282,1
False,True,1,True,False,0,0,False,1,False,False,False,True,0.003578194064407493,1
False,False,0,False,False,0,1,False,0,False,False,False,False,0.350873500315723,3
True,True,1,False,False,1,0,False,0,False,False,False,False,0.007787834140181015,3
False,False,0,True,False,1,1,False,0,False,False,False,False,0.029677962534203326,3
False,True,1,True,False,1,0,False,0,False,False,False,True,0.16417596295516734,4
False,False,1,True,False,0,0,False,0,False,False,False,False,0.15091559671648075,1
False,True,1,False,False,0,0,True,1,False,False,True,False,0.350873500315723,1
False,True,0,False,False,1,1,False,0,False,False,False,True,0.16417596295516734,4
False,False,1,False,False,0,0,False,1,False,False,False,False,0.017470006314460114,1
False,True,0,False,False,1,1,False,0,False,False,False,True,0.16417596295516734,3
False,False,1,True,False,0,0,False,0,False,False,False,False,0.006103978109871606,2
False,False,0,False,False,0,1,True,0,False,False,False,False,0.16417596295516734,1
True,False,1,False,False,1,0,False,0,False,False,False,False,0.15091559671648075,5
False,False,1,False,False,0,0,False,0,False,False,False,True,0.15091559671648075,3
False,False,1,False,False,0,0,False,0,False,False,True,False,0.03641338665544096,1
False,False,0,False,False,1,1,True,0,False,False,True,False,0.0545148389812671,3
False,False,0,False,False,0,1,True,0,False,False,False,True,0.16417596295516734,0
False,False,1,False,True,1,0,False,0,False,False,False,False,0.16417596295516734,3
False,False,0,False,False,0,1,False,0,False,False,False,False,0.15091559671648075,4
False,False,1,True,False,0,0,False,0,False,False,False,False,0.0025257840454641126,1
False,True,1,False,False,0,0,False,0,False,False,False,True,0.16417596295516734,1
False,False,1,False,False,0,0,False,1,False,False,False,False,0.017470006314460114,1
False,True,0,False,False,0,0,True,0,False,False,False,False,0.16417596295516734,1
False,True,0,False,False,0,0,True,0,True,False,False,False,0.02252157440538834,4
False,True,0,False,False,0,1,True,0,False,False,False,False,0.006314460113660282,2
False,False,0,False,False,0,1,False,0,False,False,False,False,0.03641338665544096,1
False,True,1,False,False,0,0,True,1,False,False,True,False,0.350873500315723,1
False,True,1,False,True,0,0,False,1,False,False,True,False,0.350873500315723,5
False,False,1,False,False,1,0,True,0,False,False,False,True,0.01178699221216586,1
False,False,1,True,False,0,0,False,0,False,False,False,True,0.16417596295516734,0
True,True,1,False,False,0,0,True,0,False,False,False,True,0.350873500315723,1
False,False,1,False,False,0,0,False,0,False,False,False,False,0.003578194064407493,1
False,False,1,True,False,0,0,False,1,True,False,False,False,0.15091559671648075,1
False,False,1,False,False,0,0,True,1,False,False,False,False,0.0008419280151547042,1
False,False,0,True,False,0,1,False,1,True,False,False,False,0.350873500315723,2
False,True,0,False,False,0,1,False,0,False,False,False,True,0.16417596295516734,2
False,True,0,False,False,0,0,True,0,False,False,False,False,0.16417596295516734,1
False,False,1,False,False,0,0,True,1,False,False,False,True,0.0545148389812671,3
False,False,0,True,False,0,0,False,1,False,False,False,True,0.015154704272784677,1
False,False,1,False,False,0,0,False,0,False,False,True,False,0.15091559671648075,3
False,True,0,False,False,0,0,True,0,False,False,True,False,0.350873500315723,1
False,False,0,False,False,0,1,False,0,False,False,False,False,0.16417596295516734,1
False,True,0,False,True,0,1,False,0,False,False,False,False,0.350873500315723,4
False,False,1,False,False,0,0,False,0,False,False,True,False,0.03641338665544096,1
False,False,0,False,False,0,0,False,0,False,False,False,False,0.029677962534203326,5
False,False,1,False,False,0,0,False,1,False,False,False,False,0.15091559671648075,2
False,True,1,False,False,0,0,True,0,False,False,False,True,0.012418438223531888,1
False,False,0,False,False,0,0,False,0,False,False,False,False,0.003578194064407493,5
False,True,1,False,False,0,0,True,0,True,False,False,False,0.009261208166701748,2
False,False,1,False,False,0,0,False,0,False,False,True,False,0.03641338665544096,5
False,True,1,True,False,0,0,False,0,True,False,False,False,0.15091559671648075,2
False,True,1,False,False,0,0,False,0,False,False,False,False,0.015154704272784677,1
False,False,1,False,False,0,0,False,0,False,False,False,False,0.02252157440538834,3
True,True,1,False,False,0,0,True,0,False,False,True,False,0.029677962534203326,4
False,True,1,False,False,0,0,True,0,False,False,False,False,0.15091559671648075,1
False,True,0,False,False,1,0,True,0,False,False,False,True,0.15091559671648075,5
False,False,0,False,False,0,1,False,0,False,False,True,False,0.017470006314460114,1
False,True,0,False,False,1,0,False,0,False,False,False,True,0.350873500315723,4
False,False,0,False,True,0,1,False,0,False,False,False,True,0.16417596295516734,4
False,False,0,True,False,0,1,False,0,False,False,True,False,0.007787834140181015,3
False,True,0,True,False,0,1,False,0,True,False,False,False,0.002946748053041465,4
False,False,1,True,False,0,0,False,0,False,False,False,False,0.16417596295516734,4
False,True,1,False,False,0,0,False,0,False,False,False,True,0.16417596295516734,5
False,False,1,True,False,0,0,False,0,False,False,False,True,0.16417596295516734,0
False,False,0,False,False,0,1,False,1,False,False,False,False,0.15091559671648075,4
False,True,1,False,False,1,0,False,0,False,False,False,True,0.15091559671648075,1
False,False,0,True,False,0,1,False,0,False,False,False,False,0.0025257840454641126,1
False,True,0,False,False,0,0,True,0,False,False,False,True,0.0018943380340980846,1
False,False,1,False,True,0,0,False,0,False,False,False,True,0.350873500315723,1
False,False,1,False,False,0,0,True,1,False,False,True,False,0.16417596295516734,2
False,True,0,True,False,0,0,False,0,False,False,False,True,0.350873500315723,1
False,True,1,False,False,0,0,True,1,False,False,False,True,0.0545148389812671,5
False,True,1,False,False,0,0,False,0,False,False,False,True,0.350873500315723,4
False,True,1,False,False,0,0,False,0,False,False,False,True,0.350873500315723,4
False,False,1,True,False,0,0,False,0,False,False,False,True,0.15091559671648075,2
False,False,1,True,False,0,0,False,0,False,False,False,False,0.15091559671648075,2
False,True,0,False,False,0,1,False,0,False,False,False,True,0.16417596295516734,1
False,True,0,False,False,0,1,True,0,False,False,False,True,0.16417596295516734,5
False,True,0,False,False,0,0,True,0,False,False,False,True,0.350873500315723,1
False,True,1,True,False,0,0,False,0,True,False,False,False,0.350873500315723,2
False,True,1,False,False,0,0,False,1,False,False,False,False,0.350873500315723,1
False,True,0,True,False,0,0,False,0,False,False,False,False,0.15091559671648075,5
False,True,0,False,False,1,1,True,0,False,False,False,False,0.007366870132603663,4
False,True,0,False,False,0,1,True,0,False,False,True,False,0.16417596295516734,2
True,False,0,False,False,0,0,False,0,False,False,False,False,0.15091559671648075,1
False,False,0,False,False,0,1,False,0,False,False,True,False,0.03641338665544096,1
False,True,1,False,True,0,0,False,1,False,False,False,True,0.350873500315723,2
False,True,1,True,False,0,0,False,0,True,False,False,False,0.15091559671648075,1
True,False,0,False,False,0,1,False,0,False,False,True,False,0.03641338665544096,1
False,True,0,False,False,0,0,True,0,True,False,False,False,0.350873500315723,3
False,False,1,True,False,0,0,False,1,False,False,False,True,0.15091559671648075,1
False,True,1,False,False,1,0,False,0,False,False,False,True,0.350873500315723,4
True,False,0,True,False,0,1,False,1,False,False,False,True,0.350873500315723,4
False,False,1,True,False,0,0,False,0,False,False,False,False,0.16417596295516734,3
False,False,1,False,False,0,0,True,0,False,False,False,True,0.350873500315723,1
True,True,0,False,True,0,0,False,0,False,False,False,True,0.350873500315723,1
False,False,0,False,False,0,1,False,0,False,False,False,False,0.16417596295516734,2
False,False,1,False,False,1,0,False,0,False,False,False,False,0.011576510208377183,1
False,True,1,False,False,0,0,True,0,False,False,False,False,0.350873500315723,3
False,False,1,False,True,0,0,False,1,False,False,False,True,0.0008419280151547042,1
False,False,0,False,False,0,0,False,0,False,False,False,True,0.350873500315723,0
False,False,0,False,False,0,0,False,0,False,False,False,False,0.16417596295516734,4
False,True,0,False,False,0,1,False,0,False,False,False,False,0.02252157440538834,0
False,True,0,False,False,0,1,False,1,False,False,False,True,0.16417596295516734,1
False,False,1,False,False,0,0,True,0,False,False,False,True,0.350873500315723,1
False,True,1,False,False,1,0,False,0,False,False,False,False,0.0545148389812671,5
False,True,1,False,False,1,0,False,0,False,False,False,True,0.350873500315723,1
False,False,1,True,False,0,0,False,0,True,False,False,False,0.350873500315723,3
False,False,0,True,False,0,0,False,0,True,True,False,False,0.029677962534203326,1
False,False,0,False,False,0,1,False,1,False,False,False,True,0.15091559671648075,1
False,True,0,True,False,0,1,False,1,False,False,False,True,0.16417596295516734,4
False,False,1,True,False,0,0,False,0,False,False,False,True,0.16417596295516734,0
False,False,1,False,True,0,0,False,1,True,False,False,False,0.15091559671648075,2
False,True,0,False,False,0,0,False,1,False,False,False,False,0.350873500315723,1
False,False,0,False,False,0,0,False,1,False,False,False,False,0.02252157440538834,5
False,False,0,False,False,0,0,False,0,False,False,False,False,0.15091559671648075,4
False,False,0,False,False,0,1,True,0,False,False,False,False,0.16417596295516734,3
False,False,0,False,False,0,0,False,0,False,False,True,False,0.009261208166701748,0
False,True,1,False,True,0,0,False,0,False,False,False,True,0.012418438223531888,3
False,False,1,True,False,0,0,False,0,False,False,False,True,0.15091559671648075,2
False,True,1,False,False,0,0,False,1,False,False,False,False,0.350873500315723,1
False,False,0,True,False,1,1,False,0,False,False,False,True,0.350873500315723,4
False,True,1,False,True,1,0,False,0,False,False,False,False,0.02252157440538834,4
False,True,1,True,False,0,0,False,0,False,False,False,True,0.350873500315723,1
False,False,0,False,False,0,0,False,0,False,False,True,True,0.15091559671648075,1
False,False,1,True,False,0,0,False,0,False,False,False,False,0.15091559671648075,1
False,True,0,False,False,0,0,True,1,False,False,True,False,0.350873500315723,1
False,True,0,False,False,0,1,True,0,False,False,False,True,0.0545148389812671,4
True,True,0,False,False,0,0,False,0,True,False,False,False,0.350873500315723,5
False,False,1,False,True,0,0,False,0,False,False,False,True,0.16417596295516734,1
False,False,1,False,False,0,0,True,1,True,False,False,False,0.350873500315723,1
True,True,0,False,False,0,1,True,0,False,False,False,True,0.350873500315723,1
True,True,1,False,False,0,0,False,1,False,False,False,True,0.350873500315723,1
False,True,1,False,True,0,0,False,0,False,False,False,False,0.012418438223531888,3
False,False,1,False,False,0,0,False,0,False,False,False,False,0.0010524100189433804,1
False,False,1,True,False,0,0,False,0,False,False,False,True,0.350873500315723,2
False,True,0,False,False,0,0,True,1,False,False,False,False,0.350873500315723,1
True,False,0,False,False,0,0,False,0,False,False,True,False,0.03641338665544096,1
False,True,1,True,False,0,0,False,0,False,False,False,False,0.16417596295516734,1
False,True,0,False,True,0,1,False,0,False,False,False,True,0.16417596295516734,0
False,True,1,False,False,0,0,False,0,False,False,False,False,0.350873500315723,2
True,True,1,False,False,1,0,False,0,False,False,False,True,0.15091559671648075,5
False,False,1,False,False,0,0,False,0,False,False,False,True,0.350873500315723,1
True,True,0,False,False,0,1,False,0,False,False,True,False,0.0545148389812671,1
True,False,1,False,False,0,0,False,0,False,False,False,False,0.350873500315723,5
False,True,0,False,False,1,0,True,0,False,False,True,True,0.350873500315723,5
False,True,1,False,False,0,0,False,0,False,False,False,True,0.16417596295516734,4
False,True,1,False,False,0,0,True,0,False,False,True,True,0.15091559671648075,3
False,True,1,False,False,0,0,False,0,False,False,False,True,0.16417596295516734,5
False,True,1,True,False,1,0,False,0,False,False,False,False,0.350873500315723,1
False,True,0,True,False,0,0,False,0,False,False,True,True,0.16417596295516734,1
False,False,1,False,False,0,0,True,0,False,False,False,False,0.16417596295516734,0
True,False,0,False,False,0,0,False,0,False,False,True,False,0.03641338665544096,1
False,True,1,True,False,0,0,False,0,False,False,False,False,0.02252157440538834,1
False,False,1,True,False,0,0,False,0,True,False,False,False,0.350873500315723,3
False,False,0,True,False,0,1,False,0,False,False,False,False,0.03641338665544096,2
False,True,1,False,False,0,0,True,1,False,False,False,True,0.003367712060618817,1
False,False,1,False,False,0,0,False,0,False,False,False,False,0.029677962534203326,4
False,True,0,False,False,1,0,True,0,False,False,False,False,0.15091559671648075,1
False,True,1,False,False,0,0,True,1,False,False,True,True,0.350873500315723,0
False,False,1,False,False,0,0,False,0,False,False,True,True,0.011576510208377183,1
False,False,0,False,False,0,1,False,0,False,False,True,False,0.00484108608713955,5
False,True,0,False,False,0,1,False,0,False,False,False,False,0.009261208166701748,4
False,True,0,False,False,1,1,False,0,False,False,False,False,0.350873500315723,4
False,False,0,False,True,0,1,False,0,False,False,False,False,0.15091559671648075,4
False,True,0,True,False,1,0,False,0,False,False,False,False,0.350873500315723,4
False,True,1,False,False,1,0,True,0,False,False,False,True,0.0545148389812671,2
False,False,1,True,False,0,0,False,0,False,False,False,True,0.350873500315723,1
False,False,1,False,False,0,0,False,1,False,False,False,False,0.0018943380340980846,1
False,True,1,False,False,0,0,False,0,False,False,True,False,0.011576510208377183,1
False,False,1,True,False,0,0,False,0,False,False,False,True,0.350873500315723,5
False,False,1,False,False,0,0,False,0,False,False,False,False,0.15091559671648075,4
False,False,1,False,True,0,0,False,1,False,False,False,True,0.350873500315723,2
False,False,0,False,True,1,1,False,0,False,False,False,False,0.16417596295516734,1
False,False,0,False,False,0,1,False,0,False,False,False,False,0.029677962534203326,4
False,False,0,False,False,0,1,True,0,False,False,True,True,0.350873500315723,4
False,False,1,True,False,1,0,False,0,False,False,False,False,0.029677962534203326,1
False,False,0,False,False,1,0,False,0,False,False,True,False,0.15091559671648075,0
False,True,1,False,False,0,0,True,0,False,False,False,False,0.350873500315723,2
False,False,1,False,False,0,0,True,0,False,False,False,True,0.350873500315723,1
False,True,1,True,False,0,0,False,1,False,False,False,True,0.350873500315723,5
False,False,0,False,False,0,1,True,0,False,False,False,False,0.0014733740265207324,1
False,True,1,False,False,0,0,True,0,False,False,True,True,0.350873500315723,1
False,True,0,True,False,0,0,False,0,False,False,False,False,0.16417596295516734,4
False,True,0,True,False,0,1,False,0,True,False,False,False,0.012418438223531888,4
False,False,1,False,False,0,0,False,0,False,False,True,False,0.03641338665544096,1
False,False,0,False,True,0,1,False,0,False,False,False,True,0.007787834140181015,4
False,True,1,True,False,0,0,False,0,False,False,False,True,0.003578194064407493,3
False,True,0,True,False,1,0,False,0,False,False,False,False,0.16417596295516734,1
False,True,1,False,False,0,0,False,1,False,False,False,True,0.15091559671648075,1
True,False,0,False,False,0,0,False,0,False,False,False,False,0.15091559671648075,5
True,True,0,False,False,0,0,False,0,False,False,False,False,0.350873500315723,1
False,True,0,False,False,0,0,True,0,True,False,False,False,0.0545148389812671,4
False,False,0,False,False,0,0,False,0,False,False,False,False,0.350873500315723,1
True,False,0,False,False,0,0,False,1,False,False,False,False,0.350873500315723,3
False,False,1,False,False,0,0,True,0,False,False,True,False,0.0545148389812671,2
False,False,0,True,False,0,1,False,0,True,False,False,False,0.350873500315723,1
False,False,0,False,False,0,0,False,1,False,False,False,True,0.350873500315723,1
False,True,0,False,False,0,1,False,0,False,False,False,False,0.0545148389812671,4
False,False,0,False,False,0,0,False,1,False,False,False,True,0.350873500315723,5
False,True,1,False,True,0,0,False,0,False,False,False,True,0.16417596295516734,1
False,False,1,False,False,0,0,False,0,False,False,False,True,0.350873500315723,2
False,False,0,False,False,0,1,False,0,False,False,False,False,0.15091559671648075,1
False,True,1,False,False,0,0,True,0,False,False,False,False,0.15091559671648075,1
True,True,0,False,False,0,0,True,0,False,False,True,True,0.0545148389812671,1
False,False,1,False,False,0,0,False,0,False,False,True,False,0.002104820037886761,0
False,False,0,False,False,0,0,False,0,False,False,True,False,0.15091559671648075,5
False,True,1,True,False,0,0,False,0,False,False,False,False,0.350873500315723,1
False,True,1,False,False,0,0,True,0,False,False,False,False,0.350873500315723,2
False,False,1,False,False,1,0,False,0,False,True,False,False,0.350873500315723,1
False,True,0,False,False,1,0,False,0,False,False,False,False,0.350873500315723,5
False,True,0,True,False,0,1,False,0,False,False,False,True,0.350873500315723,1
True,True,0,True,False,0,1,False,0,False,False,False,False,0.15091559671648075,4
False,False,1,False,False,0,0,False,0,False,False,False,False,0.03641338665544096,1
False,False,0,False,False,0,1,True,0,True,False,False,False,0.350873500315723,1
False,True,1,False,False,1,0,False,0,False,False,False,False,0.350873500315723,1
False,True,1,False,False,1,0,True,0,True,False,False,False,0.16417596295516734,3
False,False,1,False,False,0,0,False,1,False,False,False,False,0.005262050094716902,1
False,False,0,False,False,0,1,False,0,False,False,False,False,0.009261208166701748,1
False,True,0,False,False,0,0,False,0,False,False,False,False,0.003157230056830141,4
False,True,1,False,False,0,0,True,0,False,False,False,True,0.350873500315723,3
False,False,1,False,False,0,0,False,1,False,False,False,True,0.16417596295516734,1
False,True,1,True,False,0,0,False,0,True,False,False,False,0.350873500315723,2
False,False,0,False,False,0,1,True,0,False,False,False,False,0.350873500315723,4
False,False,1,False,False,0,0,False,0,False,False,False,True,0.16417596295516734,5
False,True,1,False,False,0,0,True,0,True,False,False,False,0.350873500315723,3
False,False,0,False,True,1,0,False,0,False,False,False,False,0.16417596295516734,1
False,False,1,False,False,0,0,False,0,False,False,False,False,0.15091559671648075,1
False,True,1,False,False,0,0,True,0,False,False,True,False,0.350873500315723,1
False,True,0,False,False,0,0,False,0,False,False,False,True,0.350873500315723,5
False,True,1,False,False,1,0,False,0,False,False,False,False,0.16417596295516734,3
False,False,1,False,False,0,0,False,1,False,False,False,False,0.15091559671648075,1
True,False,0,False,False,0,1,False,0,False,False,True,False,0.017470006314460114,1
False,True,1,False,False,1,0,True,0,False,False,True,True,0.350873500315723,1
False,False,1,False,False,0,0,False,0,False,False,False,False,0.15091559671648075,5
False,False,1,True,False,0,0,False,0,True,False,True,False,0.01178699221216586,1
False,True,1,False,False,0,0,False,1,False,False,False,True,0.15091559671648075,1
False,False,1,False,False,0,0,False,0,False,False,True,False,0.02252157440538834,5
False,True,0,False,False,0,1,False,1,False,False,False,True,0.350873500315723,1
False,True,1,False,False,0,0,False,0,True,False,False,False,0.0545148389812671,4
False,True,0,False,False,0,1,True,1,False,False,False,False,0.16417596295516734,1
False,True,1,True,False,0,0,False,0,False,False,False,True,0.029677962534203326,4
False,True,1,True,False,0,0,False,0,True,False,False,False,0.350873500315723,2
False,False,1,False,False,0,0,False,0,False,False,False,False,0.017470006314460114,3
False,True,0,False,False,1,0,True,0,False,False,True,False,0.350873500315723,5
False,False,1,False,False,0,0,False,1,False,False,False,False,0.012418438223531888,3
False,False,1,False,False,0,0,False,1,False,False,True,False,0.15091559671648075,5
False,False,1,False,False,0,0,True,0,False,False,False,False,0.16417596295516734,0
False,True,1,False,False,0,0,True,0,False,False,True,True,0.02252157440538834,3
False,True,1,False,False,0,0,False,0,False,False,False,True,0.16417596295516734,4
False,False,0,False,False,0,0,False,0,False,False,True,False,0.15091559671648075,3
False,True,1,False,False,0,0,True,1,False,False,True,True,0.350873500315723,2
False,False,1,False,False,0,0,False,0,False,False,False,False,0.0014733740265207324,1
False,False,1,False,False,0,0,False,0,False,False,False,False,0.005262050094716902,0
False,True,1,False,False,0,0,True,0,False,False,False,True,0.16417596295516734,2
False,False,1,False,False,0,0,False,0,False,False,True,False,0.011576510208377183,1
False,False,0,False,False,1,1,False,0,False,False,False,True,0.15091559671648075,0
False,True,1,False,False,0,0,True,1,False,False,False,True,0.16417596295516734,0
False,True,0,False,False,0,0,True,1,False,True,True,True,0.350873500315723,1
False,False,0,False,False,0,1,True,1,False,False,False,False,0.350873500315723,0
False,True,1,False,False,0,0,False,0,False,False,False,False,0.350873500315723,4
False,True,0,False,False,1,1,True,0,False,False,False,False,0.350873500315723,1
False,True,1,False,False,0,0,False,0,False,False,False,True,0.00021048200378867606,1
False,True,0,False,False,0,1,False,0,False,False,False,True,0.16417596295516734,0
False,True,0,False,True,0,0,False,1,False,False,True,False,0.350873500315723,1
True,False,1,False,False,0,0,False,0,False,False,False,False,0.03641338665544096,1
True,True,1,False,True,0,0,False,1,False,False,False,True,0.350873500315723,1
False,True,1,True,False,0,0,False,0,False,False,False,False,0.350873500315723,3
False,True,1,True,False,1,0,False,0,False,False,False,True,0.16417596295516734,1
False,True,1,True,False,0,0,False,0,False,False,False,False,0.350873500315723,1
False,False,1,True,False,0,0,False,0,False,False,False,True,0.15091559671648075,2
False,True,1,False,True,0,0,False,0,False,False,False,True,0.16417596295516734,1
False,False,0,False,False,0,0,False,0,False,False,False,False,0.15091559671648075,4
True,False,1,False,True,1,0,False,0,False,False,False,False,0.350873500315723,1
True,True,1,True,False,0,0,False,0,False,False,False,False,0.350873500315723,1
False,True,0,False,False,0,1,True,0,False,False,True,False,0.350873500315723,1
False,True,1,False,True,0,0,False,0,True,False,False,False,0.350873500315723,3
False,True,0,False,False,0,1,False,0,False,False,True,False,0.16417596295516734,4
False,False,0,False,False,0,1,False,1,False,False,False,True,0.006103978109871606,0
False,False,1,False,False,0,0,True,0,False,False,False,False,0.350873500315723,1
False,True,0,True,False,0,0,False,0,False,False,False,False,0.350873500315723,1
False,False,1,False,False,1,0,False,0,False,False,False,False,0.011576510208377183,4
False,False,1,False,False,1,0,True,0,False,False,False,False,0.350873500315723,1
False,True,0,False,False,0,0,False,0,False,False,False,True,0.0545148389812671,1
False,True,1,False,False,0,0,False,0,False,False,False,True,0.007366870132603663,2
False,False,1,True,False,0,0,False,0,False,False,False,True,0.16417596295516734,3
False,False,1,False,False,0,0,False,0,False,False,False,False,0.017470006314460114,1
False,True,1,False,False,0,0,False,0,False,False,False,False,0.350873500315723,2
False,True,0,False,False,0,1,True,0,False,False,False,True,0.003578194064407493,4
False,True,1,False,False,0,0,True,0,False,False,False,True,0.350873500315723,5
False,False,1,False,False,0,0,False,0,False,False,False,False,0.017470006314460114,1
False,True,0,False,False,1,0,False,0,False,False,False,True,0.16417596295516734,1
False,True,1,True,False,0,0,False,0,False,False,False,True,0.15091559671648075,1
False,True,1,True,False,0,0,False,1,True,True,False,False,0.16417596295516734,1
False,True,0,False,False,0,1,True,0,False,False,True,True,0.350873500315723,1
False,True,0,False,False,1,1,False,0,False,False,True,False,0.007787834140181015,4
False,False,0,False,False,0,1,False,0,False,False,False,False,0.350873500315723,4
False,True,0,True,False,0,1,False,0,False,False,False,False,0.029677962534203326,4
False,True,1,False,False,0,0,True,0,False,False,False,True,0.15091559671648075,2
False,True,1,False,True,0,0,False,0,False,False,False,False,0.15091559671648075,2
False,False,1,False,False,0,0,True,1,False,False,False,False,0.15091559671648075,1
False,True,0,True,False,1,1,False,0,False,False,False,False,0.350873500315723,3
False,False,0,False,False,0,0,False,0,False,True,True,False,0.15091559671648075,4
False,True,0,False,False,0,1,False,0,False,False,False,True,0.02252157440538834,1
False,True,1,False,False,0,0,False,1,False,False,False,True,0.350873500315723,1
False,True,1,True,False,0,0,False,1,False,False,False,True,0.15091559671648075,2
False,True,0,False,False,0,1,False,0,False,False,False,False,0.350873500315723,2
False,True,1,True,False,0,0,False,0,False,False,False,False,0.350873500315723,0
False,False,1,False,False,0,0,False,0,False,False,False,False,0.003578194064407493,3
False,True,1,True,False,0,0,False,0,False,False,False,True,0.15091559671648075,1
False,False,0,False,False,0,1,False,0,False,False,False,False,0.029677962534203326,2
False,False,0,False,False,0,1,True,1,True,False,False,False,0.15091559671648075,0
False,False,1,False,False,0,0,False,0,False,False,True,False,0.015154704272784677,5
False,True,1,False,False,0,0,True,0,False,False,False,True,0.0010524100189433804,2
False,False,0,False,False,0,1,True,1,False,False,False,True,0.350873500315723,1
False,True,1,False,False,0,0,True,1,False,False,True,True,0.16417596295516734,5
True,False,1,False,False,0,0,False,0,False,False,False,False,0.15091559671648075,1
False,False,1,False,True,1,0,False,0,False,False,False,False,0.0545148389812671,2
False,False,1,False,False,0,0,True,1,False,False,True,True,0.350873500315723,1
False,False,1,False,False,1,0,True,0,True,False,False,False,0.16417596295516734,3
False,False,0,False,False,1,1,False,0,False,False,False,False,0.0006314460113660282,3
False,True,0,False,False,0,1,True,0,False,False,True,False,0.350873500315723,4
True,False,0,False,False,0,0,False,0,False,False,True,False,0.03641338665544096,1
False,True,1,False,False,0,0,True,1,False,False,True,True,0.02252157440538834,1
False,True,1,False,True,0,0,False,0,False,False,False,True,0.15091559671648075,2
False,True,0,False,False,0,1,True,0,False,False,True,True,0.350873500315723,4
False,True,1,True,False,0,0,False,0,False,False,False,False,0.350873500315723,4
False,False,0,False,False,0,1,False,0,False,False,False,True,0.029677962534203326,4
False,True,0,False,False,0,1,True,0,False,False,False,True,0.350873500315723,4
False,True,0,False,False,0,1,False,0,False,False,False,False,0.02252157440538834,4
False,True,1,False,False,0,0,True,0,False,False,True,True,0.350873500315723,4
False,True,1,True,False,0,0,False,1,False,False,False,True,0.350873500315723,1
False,False,1,False,False,0,0,True,0,False,False,False,True,0.350873500315723,1
False,False,0,False,False,0,1,True,0,False,False,True,False,0.02252157440538834,1
False,False,0,False,False,1,1,False,0,False,False,False,True,0.029677962534203326,4
False,True,0,False,True,0,1,False,0,False,False,True,False,0.16417596295516734,4
False,True,1,False,False,0,0,True,1,True,False,False,False,0.350873500315723,1
False,True,0,False,False,0,0,True,0,False,False,False,True,0.350873500315723,5
False,True,0,False,False,0,1,True,0,False,False,False,True,0.16417596295516734,0
False,True,1,False,False,0,0,True,1,False,False,False,True,0.006103978109871606,1
False,False,0,True,False,0,0,False,0,False,False,False,True,0.350873500315723,5
False,True,1,False,True,1,0,False,0,False,False,False,True,0.350873500315723,4
False,False,1,True,False,0,0,False,0,False,False,False,False,0.009261208166701748,1
False,True,1,False,True,0,0,False,0,False,False,False,False,0.16417596295516734,4
False,False,1,False,False,1,0,False,0,False,False,False,False,0.0010524100189433804,1
False,False,0,False,False,0,0,True,0,False,False,False,True,0.16417596295516734,5
False,False,0,False,False,0,1,False,0,True,False,False,False,0.350873500315723,4
False,True,0,False,False,1,1,False,0,False,False,False,False,0.16417596295516734,1
False,True,0,False,False,0,0,False,0,False,False,False,True,0.16417596295516734,1
False,True,0,True,False,0,1,False,0,False,False,False,False,0.350873500315723,4
False,False,0,False,False,0,1,True,0,False,False,False,True,0.350873500315723,3
False,True,0,False,False,0,0,True,0,False,False,False,False,0.15091559671648075,4
False,True,0,False,False,0,0,True,0,False,False,True,False,0.16417596295516734,5
False,True,1,False,False,0,0,False,0,False,False,False,False,0.0016838560303094085,1
False,False,1,False,False,0,0,False,0,False,False,False,True,0.350873500315723,3
False,False,1,True,False,0,0,False,0,False,False,False,True,0.350873500315723,5
False,True,1,False,False,0,0,False,0,False,False,False,False,0.16417596295516734,1
False,False,1,False,False,0,0,False,1,False,False,False,False,0.006103978109871606,2
False,False,1,False,False,0,0,False,1,False,False,False,False,0.15091559671648075,1
False,True,1,False,True,1,0,False,0,False,False,False,True,0.16417596295516734,2
False,False,1,False,False,0,0,False,1,False,False,False,False,0.15091559671648075,3
False,True,1,False,False,1,0,True,0,False,False,False,True,0.0012628920227320563,5
False,True,0,False,False,0,1,True,0,False,False,False,False,0.350873500315723,4
False,False,0,True,False,0,1,False,0,False,False,False,False,0.350873500315723,4
False,True,0,False,False,0,1,True,0,False,False,True,True,0.350873500315723,1
False,True,0,True,False,0,1,False,0,False,False,False,False,0.350873500315723,4
False,True,0,True,False,0,0,False,0,False,False,False,False,0.350873500315723,5
False,True,1,True,False,1,0,False,0,False,False,False,True,0.16417596295516734,4
False,False,0,False,True,0,1,False,0,False,False,False,True,0.350873500315723,4
False,True,1,True,False,0,0,False,0,False,False,False,False,0.350873500315723,3
False,False,1,True,False,0,0,False,0,True,False,False,False,0.350873500315723,1
False,False,1,False,False,0,0,True,1,False,False,True,False,0.350873500315723,1
False,False,1,True,False,0,0,False,1,True,True,False,False,0.350873500315723,5
False,False,1,False,False,0,0,False,1,False,False,False,False,0.03641338665544096,1
False,False,0,False,False,0,0,False,0,False,False,True,False,0.015154704272784677,5
False,True,1,False,False,0,0,True,0,False,False,True,False,0.15091559671648075,1
False,False,1,False,True,0,0,False,0,False,False,False,True,0.350873500315723,3
False,False,0,False,False,0,0,False,0,False,False,False,False,0.350873500315723,0
False,False,0,True,False,0,1,False,0,True,False,True,False,0.029677962534203326,4
False,True,1,False,False,1,0,True,0,False,False,False,True,0.16417596295516734,4
False,True,1,False,False,0,0,True,0,False,False,True,False,0.16417596295516734,3
False,False,1,False,False,0,0,False,1,False,False,True,False,0.03641338665544096,1
False,True,0,False,False,0,1,True,0,False,False,True,True,0.16417596295516734,4
False,True,0,False,True,0,1,False,0,False,False,False,True,0.15091559671648075,1
False,False,1,False,False,0,0,True,0,False,False,False,True,0.350873500315723,1
False,True,0,False,True,0,0,False,0,False,False,False,False,0.0545148389812671,5
False,True,0,True,False,0,1,False,0,True,False,False,False,0.350873500315723,3
False,False,1,False,False,0,0,False,0,False,False,True,False,0.0545148389812671,2
False,True,0,True,False,0,1,False,0,False,False,False,False,0.003578194064407493,4
False,False,1,True,False,1,0,False,0,True,False,False,False,0.16417596295516734,1
False,False,0,False,False,1,1,False,0,False,False,False,True,0.15091559671648075,1
True,False,1,False,False,0,0,False,0,False,False,False,False,0.350873500315723,2
False,True,1,False,False,1,0,True,0,False,False,False,True,0.350873500315723,1
False,False,1,True,False,0,0,False,0,True,False,False,False,0.350873500315723,2
False,False,0,False,True,1,0,False,0,False,False,False,False,0.16417596295516734,4
False,True,0,True,False,0,0,False,0,False,False,False,True,0.007366870132603663,5
False,True,1,False,False,0,0,False,0,False,False,False,True,0.350873500315723,3
False,False,1,True,False,1,0,False,0,False,False,False,False,0.15091559671648075,1
False,True,1,True,False,0,0,False,0,False,False,False,False,0.16417596295516734,5
True,False,0,False,False,0,1,False,0,False,False,True,False,0.007366870132603663,1
False,True,0,False,False,1,1,True,0,False,False,False,False,0.00484108608713955,3
False,True,1,True,False,0,0,False,1,True,False,False,False,0.350873500315723,3
False,False,0,True,False,0,1,False,0,False,False,False,False,0.350873500315723,5
False,False,0,False,False,0,0,False,0,False,False,False,False,0.0545148389812671,1
False,False,0,True,False,0,0,False,0,False,False,False,True,0.350873500315723,5
False,True,1,False,False,0,0,False,0,False,False,False,False,0.009261208166701748,1
False,False,1,False,False,1,0,True,0,True,False,False,False,0.16417596295516734,1
False,False,1,False,False,1,0,False,0,True,False,False,False,0.350873500315723,1
False,True,0,False,False,0,1,True,0,False,False,True,False,0.007787834140181015,1
False,False,1,False,False,1,0,False,0,False,False,True,False,0.350873500315723,1
True,False,0,False,False,0,1,False,0,False,False,True,False,0.03641338665544096,1
False,True,1,False,False,0,0,False,0,False,False,False,True,0.029677962534203326,1
False,False,0,False,False,0,0,False,1,False,False,False,True,0.350873500315723,1
False,False,1,False,True,0,0,False,0,False,False,False,True,0.15091559671648075,2
False,False,0,False,False,0,0,False,0,True,False,False,False,0.003788676068196169,1
False,True,0,False,False,0,1,True,0,False,False,False,True,0.02252157440538834,4
False,False,0,False,False,0,1,False,0,False,False,False,True,0.15091559671648075,2
False,True,1,False,False,0,0,True,1,False,False,False,True,0.350873500315723,1
False,False,1,True,False,0,0,False,0,False,False,False,True,0.16417596295516734,0
False,False,1,True,False,0,0,False,0,False,False,True,False,0.0004209640075773521,1
False,True,1,False,False,0,0,True,1,False,False,True,False,0.16417596295516734,1
False,True,0,False,False,0,1,True,1,False,False,True,True,0.15091559671648075,1
False,True,1,True,False,0,0,False,0,False,False,False,False,0.03641338665544096,1
False,False,0,False,False,0,1,True,0,False,False,False,False,0.029677962534203326,1
False,True,0,False,False,0,1,False,0,True,False,False,False,0.15091559671648075,1
False,True,0,False,False,0,0,True,0,False,False,False,False,0.01178699221216586,3
True,False,0,False,False,0,1,False,0,False,False,False,False,0.350873500315723,0
False,True,1,False,False,0,0,True,0,False,False,False,False,0.350873500315723,1
False,False,1,False,True,0,0,False,0,False,False,False,True,0.350873500315723,2
False,True,1,False,False,0,0,True,1,True,False,False,False,0.15091559671648075,2
False,False,0,False,False,0,1,False,0,False,False,True,False,0.350873500315723,1
False,False,0,False,False,0,1,False,0,False,False,False,False,0.029677962534203326,4
False,True,1,False,False,0,0,True,0,False,False,False,False,0.15091559671648075,1
False,False,0,False,False,0,1,False,1,False,False,False,False,0.350873500315723,1
False,False,1,False,False,0,0,False,0,False,False,False,False,0.350873500315723,1
False,True,0,False,False,0,1,True,0,False,False,False,True,0.350873500315723,1
False,False,1,False,False,0,0,False,0,False,False,True,False,0.029677962534203326,1
False,False,0,False,False,0,1,False,1,False,False,False,False,0.16417596295516734,3
True,True,1,False,False,0,0,False,0,False,False,False,True,0.350873500315723,1
False,True,0,True,False,0,0,False,0,False,False,False,True,0.350873500315723,0
False,False,1,False,False,0,0,False,0,False,False,False,False,0.0025257840454641126,1
False,False,0,False,False,1,0,False,0,False,False,False,False,0.350873500315723,5
False,True,0,False,False,1,0,True,0,False,False,False,False,0.16417596295516734,5
False,True,0,True,False,0,0,False,0,False,False,False,True,0.350873500315723,4
False,True,0,False,False,0,1,False,1,False,False,False,True,0.16417596295516734,4
True,False,0,False,False,0,1,False,0,False,False,True,False,0.015154704272784677,0
False,True,0,False,True,1,0,False,0,True,False,False,False,0.350873500315723,5
False,False,0,True,False,0,0,False,0,False,False,False,False,0.0027362660492527887,4
True,True,0,False,False,0,0,True,1,False,False,True,True,0.350873500315723,1
False,False,1,False,True,1,0,False,0,False,False,False,True,0.02252157440538834,1
False,False,1,False,False,0,0,False,0,True,False,False,False,0.0012628920227320563,3
False,True,1,True,False,0,0,False,0,False,False,False,True,0.350873500315723,1
False,False,1,True,False,1,0,False,0,False,False,False,True,0.350873500315723,1
False,False,1,True,False,0,0,False,0,False,False,False,False,0.350873500315723,3
False,False,1,False,False,0,0,True,0,False,False,False,False,0.16417596295516734,4
True,False,1,False,False,0,0,False,1,False,False,False,False,0.015154704272784677,5
False,True,0,False,False,0,1,True,0,False,False,True,False,0.02252157440538834,1
False,False,1,False,False,1,0,False,0,True,False,False,False,0.16417596295516734,5
False,True,0,False,False,0,0,False,0,False,False,True,False,0.350873500315723,5
False,False,0,False,False,0,1,False,0,False,False,False,False,0.15091559671648075,4
False,False,0,False,False,1,1,False,0,False,False,False,True,0.350873500315723,4
False,True,1,False,False,0,0,True,0,False,False,False,True,0.16417596295516734,1
False,False,1,True,False,0,0,False,0,False,False,False,False,0.02252157440538834,2
False,False,1,False,True,1,0,False,0,False,False,False,True,0.16417596295516734,0
False,False,1,True,False,0,0,False,0,False,False,False,False,0.006314460113660282,5
False,False,0,False,False,0,1,True,0,False,False,False,False,0.011576510208377183,4
False,False,0,False,False,1,1,False,0,False,False,True,False,0.0010524100189433804,4
False,False,1,False,True,0,0,False,0,False,False,False,True,0.02252157440538834,1
False,True,1,True,False,0,0,False,0,False,False,False,True,0.16417596295516734,0
False,False,1,True,False,1,0,False,0,False,False,False,False,0.350873500315723,3
False,False,1,False,False,0,0,True,0,False,False,False,False,0.15091559671648075,1
False,False,0,False,False,0,0,False,0,False,False,False,False,0.350873500315723,5
False,True,0,False,True,1,0,False,0,False,False,False,True,0.350873500315723,3
False,True,0,False,False,0,1,True,1,True,False,False,False,0.350873500315723,4
False,False,1,False,False,0,0,False,0,False,False,False,False,0.017470006314460114,1
False,True,1,True,False,0,0,False,0,True,False,False,False,0.350873500315723,3
True,True,1,False,False,0,0,False,0,False,False,True,True,0.15091559671648075,5
False,True,0,False,False,0,0,True,1,False,False,True,True,0.350873500315723,5
False,False,0,True,False,0,1,False,0,False,False,False,True,0.0008419280151547042,4
False,False,1,True,False,0,0,False,0,True,False,False,False,0.16417596295516734,2
False,True,0,False,False,0,0,False,0,True,False,False,False,0.350873500315723,5
False,False,1,True,False,0,0,False,1,False,False,False,False,0.350873500315723,1
False,True,0,False,False,1,0,False,0,False,False,False,True,0.350873500315723,5
False,True,1,False,False,0,0,False,0,False,False,False,True,0.15091559671648075,1
False,False,1,False,False,0,0,False,0,False,False,False,False,0.017470006314460114,1
False,False,1,False,False,0,0,False,0,False,False,False,True,0.017470006314460114,1
False,False,0,False,True,1,0,False,0,False,False,False,True,0.350873500315723,1
False,False,1,False,False,0,0,False,0,False,False,False,False,0.350873500315723,1
True,False,1,False,False,0,0,True,1,False,False,True,True,0.350873500315723,1
False,False,1,False,False,0,0,True,0,True,False,False,False,0.0545148389812671,1
True,True,1,True,False,0,0,False,0,False,False,False,False,0.16417596295516734,5
False,False,0,False,False,0,0,True,0,True,False,False,False,0.007366870132603663,0
False,True,1,False,False,1,0,True,0,False,False,False,True,0.03641338665544096,1
False,False,1,False,False,0,0,False,1,False,False,False,False,0.006103978109871606,1
False,True,1,False,False,0,0,False,0,False,False,False,False,0.350873500315723,1
False,False,0,False,False,0,0,False,0,False,False,True,False,0.015154704272784677,1
False,False,1,True,False,0,0,False,1,False,False,False,False,0.02252157440538834,2
False,False,0,False,False,0,1,False,0,False,False,False,False,0.0545148389812671,4
False,False,1,False,False,0,0,False,0,False,False,False,False,0.350873500315723,2
False,False,0,False,False,0,0,False,0,False,False,False,False,0.02252157440538834,1
False,True,1,True,False,0,0,False,1,False,False,False,False,0.009261208166701748,3
False,False,1,False,False,0,0,True,0,False,False,False,False,0.0010524100189433804,2
False,True,1,False,False,0,0,True,0,False,False,True,True,0.350873500315723,3
False,True,1,True,False,0,0,False,0,True,False,False,False,0.15091559671648075,1
False,True,1,False,False,0,0,True,1,False,False,True,True,0.15091559671648075,1
False,True,1,False,False,0,0,True,0,False,False,False,False,0.350873500315723,0
False,True,1,False,False,0,0,True,0,False,False,False,False,0.350873500315723,4
False,False,1,False,False,0,0,False,1,False,False,False,True,0.15091559671648075,2
False,True,0,False,False,0,1,False,0,False,False,False,True,0.350873500315723,2
False,True,1,False,False,1,0,True,0,False,False,False,False,0.350873500315723,3
False,False,1,False,False,0,0,False,0,False,False,False,False,0.017470006314460114,1
False,True,1,False,False,0,0,True,0,False,False,False,False,0.16417596295516734,1
False,False,0,False,False,0,0,True,0,False,False,False,False,0.15091559671648075,2
False,True,1,False,False,0,0,True,0,False,False,False,True,0.350873500315723,1
False,False,1,False,False,0,0,False,1,False,False,False,False,0.15091559671648075,1
False,True,1,False,False,0,0,True,0,False,False,False,True,0.16417596295516734,4
False,False,0,True,False,0,1,False,0,True,False,False,False,0.16417596295516734,4
False,False,0,True,False,0,1,False,0,False,False,False,True,0.029677962534203326,4
False,True,1,False,False,0,0,False,0,False,False,True,False,0.011576510208377183,3
False,False,1,False,False,1,0,False,0,False,True,False,False,0.350873500315723,3
False,False,0,False,True,0,1,False,0,True,False,False,False,0.15091559671648075,0
False,False,0,False,False,0,1,False,0,False,False,False,True,0.16417596295516734,4
False,True,1,False,False,0,0,True,0,True,False,True,False,0.16417596295516734,1
False,True,1,True,False,0,0,False,1,False,False,False,True,0.350873500315723,3
False,True,1,False,True,0,0,False,1,True,False,False,False,0.15091559671648075,1
False,False,0,False,False,0,0,True,0,False,False,False,False,0.01178699221216586,5
False,False,1,False,True,0,0,False,0,False,False,False,False,0.16417596295516734,3
False,True,0,False,False,1,0,False,0,False,False,False,True,0.350873500315723,1
False,False,0,False,True,0,1,False,0,False,False,False,True,0.16417596295516734,3
False,True,0,False,False,0,0,False,1,False,False,False,False,0.15091559671648075,0
False,False,1,False,False,0,0,False,0,False,False,False,True,0.350873500315723,1
False,True,1,False,False,0,0,True,0,False,False,True,True,0.350873500315723,0
False,True,0,True,False,0,1,False,0,True,False,False,False,0.350873500315723,1
False,True,1,False,False,0,0,True,0,False,False,False,True,0.02252157440538834,0
False,False,1,False,False,0,0,False,0,False,False,False,False,0.03641338665544096,1
False,False,1,False,False,0,0,True,0,False,False,False,True,0.15091559671648075,1
False,False,0,False,False,0,1,False,0,False,False,False,True,0.15091559671648075,0
False,False,1,False,False,0,0,False,0,False,False,False,True,0.16417596295516734,2
True,False,0,False,False,0,1,False,0,False,False,False,False,0.03641338665544096,0
False,False,1,False,False,1,0,False,0,False,False,False,True,0.15091559671648075,1
False,True,1,False,False,0,0,False,1,False,False,False,False,0.350873500315723,4
False,False,1,True,False,0,0,False,1,False,False,False,True,0.16417596295516734,1
False,False,1,False,True,0,0,False,0,False,False,False,False,0.350873500315723,3
False,False,1,False,True,0,0,False,0,True,False,False,False,0.350873500315723,3
False,True,0,False,False,0,0,False,0,False,False,False,True,0.350873500315723,5
False,True,1,True,False,0,0,False,0,True,False,False,False,0.15091559671648075,4
False,False,0,True,False,0,1,False,0,False,False,False,False,0.0025257840454641126,1
False,True,1,False,False,0,0,False,0,False,False,False,False,0.350873500315723,2
False,True,1,False,False,0,0,True,0,False,False,False,True,0.350873500315723,1
False,True,0,False,False,0,1,False,0,True,False,False,False,0.350873500315723,4
False,False,0,False,False,1,1,False,0,False,False,False,True,0.15091559671648075,3
False,False,0,False,False,0,1,False,0,False,False,False,False,0.03641338665544096,1
False,False,0,False,False,0,1,False,0,False,False,False,False,0.015154704272784677,0
False,False,1,False,False,0,0,False,0,False,False,False,False,0.017470006314460114,1
False,False,1,False,True,0,0,False,0,False,False,False,True,0.15091559671648075,2
False,False,1,False,False,0,0,False,0,False,False,False,True,0.15091559671648075,3
False,False,0,False,False,0,1,True,1,False,False,False,True,0.16417596295516734,1
False,False,0,False,False,0,1,False,1,False,False,False,False,0.15091559671648075,4
False,False,1,False,False,0,0,False,0,False,False,False,False,0.350873500315723,5
False,False,1,False,False,0,0,False,1,False,False,False,True,0.16417596295516734,0
False,False,0,False,False,1,0,True,0,True,False,False,False,0.15091559671648075,4
False,False,1,True,False,0,0,False,1,False,False,False,False,0.350873500315723,1
True,False,1,False,True,0,0,False,0,False,False,False,True,0.006103978109871606,4
False,True,1,False,False,0,0,True,1,True,False,True,False,0.350873500315723,1
False,True,0,False,False,1,0,True,0,False,False,False,True,0.350873500315723,4
False,False,1,True,False,0,0,False,0,False,False,False,False,0.350873500315723,2
False,True,1,False,False,1,0,True,0,False,False,False,True,0.015154704272784677,1
True,False,1,False,False,0,0,False,0,False,False,False,False,0.03641338665544096,0
False,True,0,False,False,0,1,True,1,False,False,False,False,0.350873500315723,4
False,True,1,True,False,0,0,False,0,False,False,False,True,0.350873500315723,1
False,True,1,False,False,0,0,False,0,False,False,False,False,0.350873500315723,4
False,True,1,False,False,0,0,True,0,False,False,False,False,0.16417596295516734,1
False,False,0,False,False,1,1,True,0,False,False,False,False,0.350873500315723,1
False,False,0,False,False,0,0,False,1,False,False,True,False,0.15091559671648075,1
True,False,0,False,False,0,1,False,0,False,False,True,False,0.015154704272784677,0
False,True,0,True,False,1,1,False,0,True,False,False,False,0.350873500315723,4
False,False,1,False,False,0,0,False,0,False,False,False,True,0.004420122079562197,1
False,True,0,False,False,0,1,False,0,False,False,False,True,0.350873500315723,4
False,True,0,False,True,0,0,False,1,False,False,False,False,0.16417596295516734,4
False,False,1,False,False,0,0,False,0,False,False,False,False,0.15091559671648075,1
False,True,1,False,False,1,0,True,0,False,False,False,True,0.350873500315723,3
False,True,0,False,False,0,1,False,0,False,False,False,True,0.16417596295516734,4
True,False,1,False,False,0,0,False,0,False,False,True,False,0.02252157440538834,5
False,False,1,False,False,1,0,False,0,False,False,False,False,0.0545148389812671,4
False,True,0,False,False,0,0,True,1,True,True,True,False,0.350873500315723,1
False,False,1,False,True,0,0,False,0,False,False,False,False,0.350873500315723,4
False,False,0,False,False,0,1,False,0,False,False,False,False,0.15091559671648075,1
False,False,0,True,False,0,1,False,0,False,False,False,False,0.350873500315723,4
False,True,1,True,False,1,0,False,0,False,False,False,True,0.350873500315723,1
False,False,1,False,False,1,0,False,0,False,False,False,False,0.006103978109871606,5
False,False,1,False,False,0,0,False,0,False,False,False,False,0.350873500315723,4
False,True,1,False,True,0,0,False,0,False,False,False,False,0.350873500315723,1
False,True,0,True,False,0,0,False,0,False,False,False,False,0.350873500315723,4
False,True,1,False,False,0,0,True,1,False,False,True,False,0.16417596295516734,2
False,True,1,False,False,0,0,False,0,False,False,False,False,0.03641338665544096,2
False,True,0,False,False,0,1,False,0,False,False,False,False,0.350873500315723,3
False,True,1,False,False,1,0,False,0,False,False,False,True,0.16417596295516734,2
False,False,1,False,False,0,0,False,0,False,False,False,False,0.003367712060618817,3
False,True,1,False,True,0,0,False,0,False,False,False,False,0.0016838560303094085,3
False,True,0,False,True,0,0,False,0,False,False,False,True,0.0545148389812671,1
False,True,1,False,False,0,0,False,1,False,False,False,False,0.350873500315723,3
False,True,1,False,False,0,0,True,0,False,False,False,False,0.15091559671648075,1
False,True,1,False,False,0,0,False,0,False,False,False,False,0.0027362660492527887,2
False,True,1,False,False,0,0,True,0,False,False,True,False,0.350873500315723,1
False,True,1,False,False,0,0,False,0,False,False,False,True,0.0545148389812671,2
True,False,1,True,False,0,0,False,1,False,False,False,False,0.006314460113660282,1
False,False,1,False,True,0,0,False,0,False,False,False,True,0.15091559671648075,2
False,False,1,True,False,0,0,False,0,False,False,False,False,0.350873500315723,4
False,False,0,False,False,0,1,True,0,False,False,False,False,0.15091559671648075,1
False,False,0,False,False,0,1,False,1,False,False,False,True,0.15091559671648075,1
False,True,0,True,False,0,1,False,0,False,False,False,True,0.0545148389812671,4
True,True,0,False,False,0,0,True,0,False,False,True,False,0.350873500315723,4
False,False,1,False,False,0,0,True,1,False,False,False,True,0.16417596295516734,1
False,False,1,False,False,1,0,False,0,False,False,False,False,0.015154704272784677,1
False,False,1,True,False,0,0,False,0,True,False,False,False,0.15091559671648075,3
False,True,1,False,False,0,0,True,0,True,True,True,False,0.0545148389812671,1
False,True,0,True,False,0,1,False,0,False,False,False,False,0.0014733740265207324,4
False,True,0,False,False,0,0,True,0,True,False,False,False,0.0545148389812671,3
False,True,1,False,False,0,0,False,0,False,False,False,False,0.350873500315723,2
False,True,1,True,False,0,0,False,0,False,False,False,True,0.16417596295516734,0
False,True,0,False,False,0,1,False,1,False,False,False,True,0.0545148389812671,1
False,True,0,False,True,0,1,False,0,False,False,False,True,0.003157230056830141,4
False,False,0,False,False,0,1,False,0,False,False,False,False,0.0027362660492527887,4
False,False,0,False,False,0,1,False,0,False,False,False,True,0.350873500315723,1
False,False,1,False,False,1,0,False,0,True,False,False,False,0.350873500315723,4
False,False,0,False,False,0,0,True,0,False,False,False,True,0.01178699221216586,1
False,False,1,False,False,1,0,False,0,False,False,False,False,0.017470006314460114,3
False,False,1,False,False,0,0,False,0,False,False,False,False,0.350873500315723,1
False,False,0,False,True,0,0,False,0,False,False,False,False,0.15091559671648075,5
False,False,1,False,False,0,0,False,0,False,False,False,False,0.006103978109871606,4
False,True,0,False,False,0,1,True,0,True,False,False,False,0.350873500315723,4
False,False,1,False,False,0,0,False,0,False,False,False,False,0.03641338665544096,1
False,False,1,False,False,0,0,False,1,False,False,False,False,0.16417596295516734,5
False,False,1,False,False,0,0,False,1,False,False,False,True,0.15091559671648075,1
False,True,1,False,False,1,0,True,0,False,False,False,False,0.16417596295516734,4
False,True,1,True,False,0,0,False,0,False,False,False,True,0.16417596295516734,2
False,False,0,True,False,1,1,False,0,False,False,False,False,0.350873500315723,4
False,True,0,False,True,0,0,False,0,False,False,False,True,0.350873500315723,1
False,False,1,False,False,0,0,False,1,False,False,False,False,0.03641338665544096,1
False,False,0,False,False,0,1,True,0,False,False,False,True,0.15091559671648075,4
False,False,0,False,False,1,0,False,0,False,False,False,True,0.15091559671648075,1
False,True,1,False,False,0,0,True,1,False,False,False,True,0.15091559671648075,5
False,False,1,False,True,0,0,False,0,False,False,False,False,0.006314460113660282,4
False,False,1,False,False,0,0,False,0,True,False,False,False,0.012418438223531888,4
False,True,1,False,False,0,0,True,0,False,False,False,False,0.16417596295516734,4
False,False,0,False,False,0,1,False,0,False,False,False,False,0.03641338665544096,2
False,True,0,False,False,1,0,True,0,False,False,False,False,0.350873500315723,3
False,True,1,False,False,0,0,False,1,False,False,False,False,0.003367712060618817,3
False,False,1,False,False,0,0,False,1,False,False,False,False,0.003578194064407493,1
False,False,1,True,False,0,0,False,1,False,False,False,True,0.15091559671648075,2
False,False,1,False,False,0,0,False,0,False,False,True,False,0.011576510208377183,1
False,False,1,False,False,1,0,True,0,False,False,True,False,0.16417596295516734,3
False,True,0,False,False,1,1,False,0,False,False,True,False,0.16417596295516734,1
False,True,1,False,False,0,0,True,1,False,False,False,True,0.350873500315723,1
False,False,1,False,False,0,0,False,0,False,False,False,False,0.017470006314460114,1
False,False,0,False,False,1,1,False,0,False,False,False,False,0.350873500315723,2
False,True,0,True,False,0,1,False,0,False,False,False,False,0.350873500315723,4
False,False,1,False,False,0,0,False,1,False,False,False,False,0.005262050094716902,1
False,True,1,False,False,0,0,True,0,True,False,False,False,0.03641338665544096,4
False,False,0,False,True,0,1,False,0,False,False,False,True,0.00484108608713955,1
False,False,1,False,False,0,0,True,0,False,False,False,True,0.350873500315723,1
False,False,0,False,False,0,1,False,0,False,False,True,False,0.017470006314460114,1
False,True,1,False,True,0,0,False,1,False,False,False,True,0.006103978109871606,1
False,True,1,False,False,0,0,True,0,False,False,True,True,0.350873500315723,3
True,False,0,False,False,0,1,False,0,False,False,True,False,0.03641338665544096,1
False,False,1,False,False,0,0,True,0,False,False,True,False,0.16417596295516734,1
False,True,1,False,False,0,0,True,1,False,False,True,False,0.0545148389812671,3
False,True,1,False,False,0,0,True,0,False,False,False,False,0.0545148389812671,2
False,False,1,True,False,0,0,False,0,True,False,False,False,0.16417596295516734,3
False,False,1,False,False,0,0,False,0,False,False,False,True,0.350873500315723,2
False,True,1,False,True,0,0,False,0,False,False,False,True,0.009261208166701748,2
False,True,1,False,False,0,0,True,0,False,False,False,False,0.350873500315723,2
False,False,0,True,False,1,0,False,0,False,False,False,False,0.350873500315723,3
False,False,1,False,False,0,0,False,0,False,False,False,False,0.03641338665544096,1
False,False,0,True,False,1,1,False,0,False,False,False,True,0.350873500315723,3
False,False,1,False,False,0,0,False,0,False,False,True,False,0.350873500315723,1
True,False,0,False,False,0,1,False,0,False,False,True,False,0.017470006314460114,1
True,False,0,False,False,0,1,False,0,False,False,True,False,0.03641338665544096,1
False,True,0,False,False,0,0,True,1,False,False,False,False,0.350873500315723,4
False,False,0,False,False,0,1,True,0,False,False,False,True,0.15091559671648075,1
False,True,1,True,False,0,0,False,1,False,False,False,False,0.16417596295516734,2
False,False,0,False,False,0,0,True,0,False,False,False,True,0.16417596295516734,5
False,False,1,False,False,0,0,False,1,False,False,False,False,0.03641338665544096,1
False,True,0,True,False,0,0,False,0,False,False,False,False,0.16417596295516734,1
False,True,0,False,False,0,1,False,0,False,False,False,True,0.0018943380340980846,2
False,False,1,False,False,0,0,True,0,False,False,True,True,0.0545148389812671,1
False,False,1,True,False,0,0,False,0,False,False,False,True,0.15091559671648075,1
True,True,0,False,False,0,0,True,0,False,False,True,True,0.16417596295516734,1
False,False,1,True,False,0,0,False,0,False,False,False,True,0.16417596295516734,0
False,True,1,True,False,0,0,False,1,False,False,False,False,0.16417596295516734,3
False,False,0,False,False,0,0,False,0,False,False,False,False,0.15091559671648075,5
False,False,1,False,False,1,0,True,0,False,False,True,False,0.350873500315723,4
False,False,1,True,False,0,0,False,0,False,False,False,False,0.350873500315723,2
False,True,1,False,False,0,0,False,0,False,False,False,False,0.350873500315723,0
True,True,1,False,False,0,0,True,1,False,False,True,True,0.350873500315723,1
False,False,0,False,False,0,1,False,1,False,False,False,False,0.350873500315723,4
False,True,1,False,False,0,0,False,0,False,False,False,False,0.350873500315723,1
False,True,0,False,False,0,0,False,1,False,False,False,True,0.0545148389812671,5
False,False,1,False,False,0,0,True,0,False,False,False,False,0.007366870132603663,1
False,True,1,False,False,0,0,True,0,False,False,False,True,0.16417596295516734,0
False,False,0,False,False,1,0,True,0,False,False,False,True,0.350873500315723,5
False,True,1,False,False,0,0,True,0,False,False,True,False,0.350873500315723,1
False,True,1,False,False,0,0,True,0,False,False,False,True,0.350873500315723,1
False,True,1,True,False,0,0,False,0,False,False,False,True,0.350873500315723,4
False,False,1,False,False,0,0,False,0,False,False,False,False,0.017470006314460114,1
False,False,1,False,False,0,0,False,1,False,False,False,True,0.003157230056830141,5
False,True,1,False,False,1,0,False,0,False,False,False,True,0.16417596295516734,4
False,False,1,False,False,0,0,False,0,False,False,True,False,0.03641338665544096,5
False,True,1,False,False,0,0,True,0,False,False,False,True,0.350873500315723,1
False,False,1,False,False,0,0,True,0,True,False,False,False,0.009261208166701748,1
False,False,0,False,False,0,1,False,0,False,False,False,False,0.03641338665544096,1
False,False,0,False,True,0,0,False,0,False,False,True,False,0.15091559671648075,5
False,False,0,False,False,0,1,False,0,False,False,False,True,0.350873500315723,4
False,True,1,False,False,0,0,False,0,False,False,False,False,0.350873500315723,1
False,True,1,False,False,0,0,False,0,False,False,False,True,0.15091559671648075,2
False,False,1,False,False,0,0,False,0,False,False,True,False,0.15091559671648075,0
True,False,0,False,False,0,1,True,1,False,False,False,True,0.350873500315723,1
False,True,1,True,False,0,0,False,0,False,False,False,False,0.350873500315723,3
True,False,1,False,False,0,0,False,0,False,False,True,False,0.03641338665544096,5
False,False,0,False,True,1,1,False,0,True,False,False,False,0.350873500315723,3
False,False,0,False,False,0,0,False,0,False,False,False,False,0.350873500315723,5
False,False,1,False,False,0,0,False,0,False,False,False,False,0.02252157440538834,2
True,False,1,False,False,0,0,False,0,False,False,True,False,0.003578194064407493,3
False,False,1,False,False,0,0,False,1,False,False,False,False,0.015154704272784677,0
False,False,1,False,False,0,0,True,0,False,False,False,False,0.350873500315723,2
False,False,1,True,False,0,0,False,0,False,False,False,True,0.0008419280151547042,1
False,False,1,False,False,0,0,False,0,False,False,False,False,0.350873500315723,4
False,False,1,False,False,0,0,False,1,False,False,False,False,0.350873500315723,3
False,False,1,False,False,1,0,False,0,False,False,True,False,0.00021048200378867606,1
False,True,0,False,False,0,1,True,1,False,False,False,True,0.16417596295516734,1
True,False,0,False,False,0,1,False,0,False,False,True,False,0.03641338665544096,1
False,False,0,False,False,1,0,False,0,False,False,False,False,0.350873500315723,1
False,False,1,False,False,0,0,False,0,False,False,True,False,0.007366870132603663,0
False,True,0,False,False,1,1,True,0,True,False,False,False,0.007366870132603663,4
False,False,1,False,False,0,0,False,0,False,False,False,False,0.03641338665544096,1
False,True,0,False,False,0,1,True,0,False,False,False,True,0.0027362660492527887,4
False,False,1,False,False,0,0,False,0,False,False,True,False,0.029677962534203326,5
False,True,0,False,True,1,1,False,0,False,False,False,False,0.15091559671648075,1
False,True,0,False,False,0,1,False,0,False,False,True,False,0.011576510208377183,1
False,True,0,False,False,0,1,False,0,False,False,False,False,0.15091559671648075,1
False,True,0,True,False,0,0,False,0,False,False,False,False,0.16417596295516734,3
False,False,1,False,False,0,0,True,0,False,False,False,True,0.015154704272784677,1
False,False,0,False,False,0,0,False,0,False,False,False,False,0.0004209640075773521,5
False,False,1,False,True,0,0,False,0,False,False,False,False,0.16417596295516734,1
False,False,1,False,False,0,0,False,0,False,False,True,False,0.03641338665544096,1
False,False,1,False,False,0,0,False,0,False,False,True,False,0.03641338665544096,1
False,False,0,True,False,0,0,False,1,False,False,False,True,0.350873500315723,5
False,False,1,False,False,0,0,False,1,False,False,False,False,0.15091559671648075,0
False,False,1,False,False,0,0,True,0,False,False,False,False,0.15091559671648075,4
True,False,0,False,False,0,1,True,0,False,False,False,True,0.029677962534203326,4
False,False,1,True,False,0,0,False,0,False,False,False,False,0.16417596295516734,3
False,True,1,True,False,0,0,False,0,False,False,False,False,0.350873500315723,2
False,False,0,False,False,0,1,True,0,False,False,False,False,0.003578194064407493,4
False,True,1,False,False,1,0,False,0,False,False,False,False,0.16417596295516734,4
False,False,1,True,False,1,0,False,0,False,False,False,False,0.16417596295516734,1
False,True,0,True,False,0,1,False,0,False,False,False,False,0.15091559671648075,1
False,True,1,True,False,0,0,False,1,False,False,False,True,0.350873500315723,1
False,False,1,False,True,0,0,False,1,False,False,False,True,0.15091559671648075,2
False,False,1,False,False,1,0,False,0,True,False,False,False,0.005262050094716902,5
False,False,0,False,False,0,1,True,0,False,False,False,False,0.16417596295516734,4
False,False,1,False,True,0,0,False,0,True,False,True,False,0.15091559671648075,1
False,True,1,False,False,0,0,False,0,False,True,False,True,0.005262050094716902,4
False,True,0,False,False,0,1,False,0,False,False,False,False,0.0545148389812671,4
False,True,0,False,False,0,1,False,0,False,False,False,True,0.350873500315723,4
False,True,0,False,False,1,1,False,0,False,False,False,False,0.350873500315723,4
False,True,0,False,True,0,0,False,0,False,False,False,True,0.350873500315723,1
False,False,1,True,False,0,0,False,0,False,False,False,False,0.15091559671648075,5
False,False,1,False,False,1,0,False,0,False,False,False,False,0.006103978109871606,4
False,True,1,False,False,0,0,True,0,False,False,False,False,0.350873500315723,2
False,False,0,False,False,1,0,False,0,True,False,False,False,0.029677962534203326,5
False,False,0,False,False,0,0,False,1,False,False,False,True,0.003578194064407493,1
False,True,0,True,False,0,1,False,1,False,False,False,True,0.350873500315723,3
False,True,0,False,False,0,0,False,0,False,False,True,False,0.029677962534203326,1
False,True,0,False,False,0,1,False,1,False,False,False,True,0.350873500315723,1
False,True,0,False,False,0,1,False,0,False,True,False,True,0.350873500315723,1
True,True,0,False,False,0,0,False,1,False,False,False,False,0.350873500315723,2
True,False,0,False,False,0,1,False,0,False,False,True,False,0.007366870132603663,1
False,False,1,False,False,0,0,False,1,False,False,False,False,0.0018943380340980846,2
False,False,1,True,False,0,0,False,0,False,False,False,True,0.16417596295516734,1
False,True,1,True,False,0,0,False,1,False,False,False,False,0.15091559671648075,1
False,True,0,True,False,1,0,False,0,False,False,False,False,0.16417596295516734,0
False,True,1,False,False,0,0,True,1,True,False,False,False,0.0545148389812671,4
False,True,0,False,False,0,1,True,0,False,False,True,True,0.350873500315723,4
False,False,0,False,True,0,0,False,1,False,False,False,True,0.15091559671648075,5
False,True,0,False,False,0,0,False,1,True,False,False,False,0.350873500315723,5
False,False,1,False,False,0,0,False,0,False,False,False,False,0.16417596295516734,1
False,False,0,True,False,1,1,False,0,False,False,False,False,0.350873500315723,4
False,True,1,False,False,1,0,True,0,False,False,False,False,0.012418438223531888,1
False,True,0,False,False,1,1,True,0,False,False,False,False,0.0545148389812671,3
False,True,1,False,True,1,0,False,0,False,False,False,False,0.16417596295516734,5
False,True,0,False,False,0,1,False,1,False,False,False,True,0.350873500315723,1
False,False,0,False,True,0,1,False,0,False,False,False,True,0.15091559671648075,3
False,True,1,False,False,1,0,True,0,False,False,True,False,0.007366870132603663,4
False,True,0,False,False,0,1,False,0,False,False,True,False,0.350873500315723,1
False,False,1,False,False,0,0,False,1,False,False,False,False,0.350873500315723,1
False,False,1,False,False,0,0,True,1,False,False,False,False,0.005262050094716902,0
False,False,0,True,False,0,0,False,0,True,False,False,False,0.350873500315723,3
False,True,0,False,True,0,1,False,0,False,False,False,False,0.350873500315723,4
False,False,0,True,False,0,1,False,0,True,False,False,False,0.16417596295516734,4
False,True,0,False,False,0,0,False,0,True,False,False,False,0.350873500315723,2
False,False,1,False,False,0,0,False,1,False,False,False,False,0.03641338665544096,1
False,True,0,True,False,0,1,False,0,True,False,False,False,0.350873500315723,4
True,True,0,False,False,1,0,True,0,False,False,True,False,0.16417596295516734,4
False,True,1,False,False,1,0,False,0,False,False,False,False,0.350873500315723,1
False,True,0,False,True,1,1,False,0,False,False,False,True,0.350873500315723,1
False,False,0,False,False,0,1,False,0,False,False,False,False,0.03641338665544096,1
False,True,0,False,False,0,0,False,0,False,False,False,False,0.16417596295516734,1
False,True,0,True,False,0,1,False,0,False,False,False,True,0.350873500315723,4
False,True,0,False,False,0,1,False,0,False,False,True,True,0.15091559671648075,1
False,True,0,False,False,1,1,False,0,False,False,False,True,0.350873500315723,4
False,True,1,True,False,0,0,False,0,False,False,False,True,0.350873500315723,3
False,False,1,False,False,0,0,False,0,False,False,False,True,0.350873500315723,2
False,False,1,False,False,1,0,False,0,False,False,False,False,0.015154704272784677,1
False,False,1,False,False,0,0,False,1,False,False,False,False,0.006314460113660282,1
False,False,0,False,True,0,0,False,0,True,False,False,False,0.350873500315723,5
False,True,0,False,False,1,1,False,0,False,False,False,False,0.0545148389812671,0
False,False,0,True,False,0,1,False,0,True,False,False,False,0.012418438223531888,4
False,True,1,False,False,0,0,False,0,True,False,False,False,0.012418438223531888,1
False,True,0,False,False,0,0,False,1,False,False,True,True,0.0545148389812671,1
False,False,0,False,True,0,1,False,1,False,False,False,True,0.15091559671648075,1
False,True,0,False,True,0,0,False,0,False,False,False,False,0.350873500315723,5
False,True,0,False,False,1,0,False,0,False,False,True,False,0.350873500315723,1
False,False,0,False,True,0,1,False,0,False,False,False,False,0.0545148389812671,4
False,True,1,False,False,0,0,True,0,False,False,False,False,0.350873500315723,4
False,False,0,False,False,0,0,True,0,True,False,False,False,0.350873500315723,4
True,False,1,False,False,0,0,False,0,False,False,False,False,0.03641338665544096,0
False,True,0,True,False,1,1,False,0,False,False,False,True,0.15091559671648075,1
False,True,0,False,True,0,1,False,0,False,False,False,True,0.005262050094716902,1
False,True,1,False,False,0,0,False,1,False,False,False,False,0.012418438223531888,1
True,True,1,False,True,0,0,False,0,False,False,False,True,0.350873500315723,4
False,False,1,False,False,0,0,False,0,False,False,True,False,0.02252157440538834,4
False,False,1,True,False,0,0,False,1,False,False,False,True,0.350873500315723,1
False,True,0,True,False,0,1,False,0,False,False,False,True,0.350873500315723,2
False,False,1,False,False,0,0,True,0,False,False,True,False,0.350873500315723,1
False,True,0,True,False,0,1,False,0,False,False,False,True,0.350873500315723,1
False,True,1,False,False,0,0,True,1,True,False,False,False,0.15091559671648075,1
False,False,0,False,False,0,0,False,1,False,False,False,True,0.15091559671648075,1
False,False,1,False,False,0,0,False,0,True,False,False,False,0.16417596295516734,4
False,True,1,True,False,0,0,False,0,False,False,False,True,0.350873500315723,1
False,False,0,False,True,1,1,False,0,False,False,False,True,0.16417596295516734,4
False,True,0,False,False,1,1,True,0,False,False,False,True,0.15091559671648075,4
False,False,1,False,False,0,0,False,0,True,False,False,False,0.350873500315723,3
False,True,1,False,False,0,0,True,1,False,False,False,False,0.15091559671648075,2
False,False,1,False,False,0,0,False,1,False,False,False,False,0.017470006314460114,4
False,True,1,False,False,0,0,True,0,False,False,True,True,0.350873500315723,3
False,True,0,False,False,1,0,False,0,False,False,False,False,0.350873500315723,0
False,False,1,False,False,0,0,False,1,False,False,False,False,0.011576510208377183,1
False,False,0,False,False,0,1,False,0,False,False,False,True,0.029677962534203326,4
False,True,1,False,False,0,0,False,1,False,False,False,True,0.002946748053041465,1
True,True,0,False,False,1,1,False,0,False,False,False,False,0.015154704272784677,4
False,False,1,True,False,0,0,False,0,False,False,False,False,0.16417596295516734,1
False,True,1,False,False,0,0,True,1,False,False,True,True,0.0545148389812671,1
False,False,0,False,True,0,1,False,0,False,False,False,False,0.00021048200378867606,1
False,True,1,True,False,0,0,False,0,True,False,False,False,0.350873500315723,2
False,False,1,False,False,0,0,False,0,False,False,False,False,0.0545148389812671,1
False,True,1,True,False,0,0,False,0,False,False,False,True,0.350873500315723,3
False,True,0,True,False,0,1,False,0,True,False,False,False,0.16417596295516734,1
False,False,1,False,False,0,0,False,0,False,True,False,False,0.003788676068196169,1
False,False,1,False,False,0,0,False,0,False,False,True,False,0.02252157440538834,1
False,True,1,True,False,0,0,False,0,False,False,False,True,0.02252157440538834,5
False,True,1,True,False,0,0,False,1,False,False,False,True,0.350873500315723,0
True,True,1,False,False,1,0,True,0,False,False,True,False,0.0545148389812671,1
False,False,0,False,False,0,1,True,1,True,False,False,False,0.16417596295516734,4
False,False,0,False,False,0,0,True,0,False,False,False,True,0.16417596295516734,4
False,False,1,False,False,0,0,False,0,False,False,False,True,0.029677962534203326,1
False,False,1,False,False,1,0,False,0,False,False,False,True,0.15091559671648075,1
False,True,0,False,True,0,1,False,0,False,False,False,False,0.350873500315723,1
False,True,1,False,False,0,0,False,0,True,False,False,False,0.0545148389812671,4
False,False,0,True,False,0,0,False,0,True,False,False,False,0.350873500315723,5
False,True,1,False,False,0,0,True,1,False,False,False,False,0.0545148389812671,1
False,False,0,False,True,0,1,False,1,False,False,False,False,0.015154704272784677,1
False,False,1,False,False,0,0,False,1,False,False,False,True,0.15091559671648075,1
False,False,1,False,False,0,0,False,1,False,False,False,True,0.015154704272784677,1
False,True,0,False,False,0,0,False,0,False,False,False,False,0.350873500315723,5
False,False,0,True,False,0,0,False,0,False,False,False,False,0.350873500315723,5
False,False,1,False,True,0,0,False,1,True,False,False,False,0.00021048200378867606,1
False,False,1,False,False,0,0,False,0,False,False,False,False,0.029677962534203326,3
False,True,0,False,False,0,0,True,0,False,False,False,False,0.350873500315723,5
False,True,1,False,False,0,0,True,1,False,False,True,False,0.0545148389812671,0
False,False,1,False,True,0,0,False,0,False,False,False,True,0.350873500315723,4
True,False,1,True,False,0,0,False,0,False,False,False,False,0.350873500315723,1
False,True,1,False,False,0,0,True,0,False,False,False,True,0.350873500315723,1
False,False,1,False,False,0,0,False,0,False,True,False,False,0.350873500315723,4
False,False,1,False,False,0,0,False,1,False,False,False,False,0.03641338665544096,1
False,False,0,False,False,0,1,False,0,False,False,False,False,0.16417596295516734,3
True,False,0,False,False,0,1,True,1,False,False,True,True,0.350873500315723,1
False,False,1,False,False,0,0,True,0,False,False,True,False,0.0545148389812671,3
False,True,1,False,False,0,0,True,0,False,False,False,False,0.15091559671648075,1
False,False,1,True,False,0,0,False,1,False,False,False,True,0.16417596295516734,0
False,True,0,True,False,0,1,False,0,False,False,False,False,0.350873500315723,3
True,False,0,False,False,0,1,False,0,False,False,True,False,0.15091559671648075,4
False,False,1,False,False,0,0,True,0,False,False,True,False,0.350873500315723,4
False,False,1,False,False,0,0,False,0,False,False,False,False,0.15091559671648075,1
False,False,1,False,False,0,0,True,0,False,False,False,False,0.350873500315723,2
False,False,0,False,False,0,0,True,0,False,False,False,False,0.15091559671648075,1
False,False,1,False,False,0,0,True,0,False,False,False,True,0.16417596295516734,2
False,True,0,True,False,1,0,False,0,False,False,False,True,0.350873500315723,4
False,True,0,False,False,0,0,False,1,False,False,False,True,0.15091559671648075,0
False,False,0,False,False,1,0,False,0,False,False,False,False,0.029677962534203326,1
False,False,0,True,False,0,1,False,0,False,False,False,False,0.350873500315723,3
False,False,1,True,False,1,0,False,0,False,False,False,True,0.350873500315723,5
False,True,1,True,False,0,0,False,0,False,False,False,True,0.350873500315723,3
False,False,1,False,False,0,0,False,1,False,False,False,False,0.017470006314460114,1
False,False,1,True,False,0,0,False,0,False,False,False,False,0.029677962534203326,3
True,False,0,False,False,0,0,False,0,False,False,True,False,0.03641338665544096,1
False,True,1,False,False,0,0,False,0,True,False,False,False,0.350873500315723,3
False,True,0,False,False,0,1,False,0,False,False,False,True,0.350873500315723,1
False,True,1,False,False,0,0,True,0,False,False,False,True,0.15091559671648075,2
False,True,0,True,False,1,0,False,0,False,False,False,False,0.15091559671648075,4
False,False,0,False,False,0,1,False,1,False,False,False,False,0.017470006314460114,0
False,True,0,False,False,0,1,True,1,False,False,False,False,0.16417596295516734,1
False,False,0,False,False,0,0,False,1,False,False,False,False,0.004420122079562197,1
False,False,1,False,False,0,0,False,0,False,False,False,True,0.15091559671648075,1
False,False,1,False,False,0,0,False,1,False,False,False,True,0.15091559671648075,1
False,True,0,False,False,0,1,False,0,False,False,False,False,0.15091559671648075,1
False,False,0,False,False,0,1,False,0,True,False,False,False,0.15091559671648075,4
False,True,0,False,False,1,1,True,0,False,False,False,False,0.15091559671648075,1
False,False,0,False,False,0,1,False,1,False,False,False,False,0.017470006314460114,1
False,False,0,False,False,0,1,True,1,False,False,True,False,0.16417596295516734,1
False,False,0,False,False,1,0,True,0,False,False,False,False,0.15091559671648075,5
False,True,1,False,False,0,0,False,0,False,False,False,True,0.0545148389812671,1
True,False,0,False,False,0,1,False,0,False,False,True,False,0.03641338665544096,1
False,True,1,False,False,1,0,True,0,False,False,False,True,0.029677962534203326,3
True,False,0,False,False,0,1,False,0,False,False,False,False,0.003578194064407493,4
False,False,0,False,False,1,0,False,0,False,False,False,False,0.350873500315723,1
False,False,0,False,False,0,1,False,1,False,False,True,False,0.03641338665544096,1
False,False,1,False,False,0,0,False,1,False,False,False,False,0.006314460113660282,3
False,True,1,False,False,0,0,False,1,False,False,False,False,0.350873500315723,1
False,False,1,False,False,0,0,False,0,False,False,False,False,0.15091559671648075,1
False,True,0,False,False,1,1,False,0,True,False,False,False,0.009261208166701748,4
False,False,1,False,False,0,0,False,0,False,False,False,False,0.003157230056830141,1
False,False,1,True,False,0,0,False,0,False,False,False,True,0.350873500315723,5
False,False,0,False,True,0,0,False,1,False,False,False,True,0.15091559671648075,2
False,True,0,True,False,0,1,False,0,False,False,False,True,0.350873500315723,1
False,False,1,False,False,1,0,False,0,False,False,False,False,0.006103978109871606,4
False,False,1,False,False,0,0,False,0,False,False,False,False,0.009261208166701748,4
False,False,1,False,False,1,0,False,0,False,False,False,False,0.006314460113660282,1
False,True,1,False,True,0,0,False,1,False,False,False,True,0.350873500315723,1
False,True,1,False,False,0,0,True,0,False,False,False,False,0.15091559671648075,1
True,False,1,False,False,0,0,True,0,False,False,True,False,0.16417596295516734,1
False,True,0,False,False,0,0,True,0,False,False,False,False,0.350873500315723,5
False,True,0,True,False,1,0,False,0,False,False,False,True,0.350873500315723,1
False,False,1,True,False,0,0,False,0,False,False,False,False,0.15091559671648075,2
False,False,1,False,False,0,0,True,0,False,False,False,True,0.15091559671648075,3
False,False,1,False,False,0,0,False,1,False,False,False,False,0.15091559671648075,1
False,False,0,False,False,0,1,False,0,False,False,False,True,0.15091559671648075,4
False,False,1,True,False,1,0,False,0,True,False,False,False,0.350873500315723,1
False,False,0,False,False,0,1,False,0,False,False,True,False,0.0545148389812671,1
False,False,0,False,False,0,0,False,1,False,False,False,False,0.15091559671648075,5
False,False,0,True,False,0,0,False,0,False,False,False,True,0.011576510208377183,5
False,True,1,False,False,0,0,False,0,False,False,False,False,0.350873500315723,1
False,False,1,False,False,0,0,False,0,False,False,True,False,0.004420122079562197,4
False,False,1,False,False,0,0,False,1,False,False,False,False,0.017470006314460114,1
False,False,0,True,False,1,1,False,0,False,False,False,True,0.15091559671648075,1
False,False,1,False,False,0,0,False,1,True,False,False,False,0.15091559671648075,1
False,False,1,False,False,0,0,False,1,False,False,False,False,0.15091559671648075,1
False,False,1,False,False,0,0,False,1,False,False,False,False,0.029677962534203326,4
False,False,0,False,False,0,1,True,1,False,False,False,True,0.15091559671648075,1
False,False,1,False,False,0,0,True,0,False,False,False,False,0.003157230056830141,1
False,True,0,False,False,0,1,False,0,False,False,False,False,0.0545148389812671,3
False,False,0,False,False,0,1,False,0,False,False,False,False,0.15091559671648075,4
False,True,0,True,False,1,0,False,0,False,False,False,True,0.012418438223531888,4
False,True,1,True,False,0,0,False,1,False,False,False,False,0.15091559671648075,2
False,True,1,False,False,1,0,False,0,False,False,False,True,0.350873500315723,5
False,True,1,False,False,0,0,False,0,False,False,False,False,0.350873500315723,4
False,True,0,False,False,0,1,False,0,False,False,False,True,0.350873500315723,1
False,False,0,False,True,0,1,False,1,False,False,True,False,0.16417596295516734,4
False,True,0,False,False,0,1,False,0,False,False,False,True,0.350873500315723,4
False,False,1,False,False,0,0,False,1,False,False,False,False,0.0545148389812671,4
False,False,1,False,False,0,0,True,1,False,False,True,True,0.006103978109871606,1
False,True,1,False,False,0,0,True,0,False,False,True,True,0.350873500315723,1
False,False,1,False,True,0,0,False,1,False,False,False,False,0.15091559671648075,3
False,True,1,False,False,0,0,False,0,False,False,False,False,0.16417596295516734,0
False,True,0,False,True,0,1,False,0,False,False,False,True,0.02252157440538834,4
False,True,1,False,False,0,0,False,0,False,False,False,True,0.16417596295516734,0
False,False,1,False,True,0,0,False,1,False,False,False,False,0.15091559671648075,1
False,False,0,False,False,0,0,True,0,False,False,False,False,0.0545148389812671,1
False,False,1,False,False,0,0,False,0,False,False,False,False,0.003157230056830141,3
False,True,0,False,False,0,1,False,0,False,True,False,True,0.01178699221216586,4
False,False,1,False,False,0,0,True,1,False,False,False,False,0.0545148389812671,1
False,True,1,False,False,0,0,False,0,False,False,True,False,0.350873500315723,1
False,False,0,False,False,0,1,False,0,False,False,False,False,0.350873500315723,4
False,True,0,False,True,0,1,False,0,True,False,False,False,0.350873500315723,4
True,True,1,True,False,0,0,False,1,False,False,False,False,0.16417596295516734,1
False,True,0,False,False,0,1,False,0,False,False,False,True,0.350873500315723,1
False,True,1,False,True,0,0,False,0,False,False,False,False,0.350873500315723,1
True,True,0,True,False,0,0,False,0,False,False,False,True,0.350873500315723,5
False,True,0,False,False,0,1,True,0,False,False,False,True,0.16417596295516734,1
False,True,1,False,True,1,0,False,0,False,False,False,True,0.350873500315723,3
True,True,0,False,False,0,0,False,0,False,False,False,False,0.16417596295516734,5
False,False,0,True,False,0,0,False,0,False,False,False,False,0.15091559671648075,1
True,False,0,False,False,0,0,False,0,False,False,True,False,0.03641338665544096,1
False,True,1,False,False,0,0,False,1,False,False,False,True,0.15091559671648075,3
False,True,1,False,False,0,0,True,0,False,False,False,False,0.350873500315723,3
False,True,0,False,False,1,1,False,0,False,False,False,True,0.350873500315723,1
False,False,0,False,False,0,1,False,0,False,False,False,False,0.015154704272784677,1
True,True,0,False,False,0,1,False,0,False,False,False,True,0.16417596295516734,4
False,True,1,False,False,1,0,False,0,False,False,False,False,0.0545148389812671,4
False,True,0,False,False,0,1,True,0,False,False,False,False,0.007787834140181015,4
False,False,0,True,False,0,1,False,0,False,False,True,False,0.003578194064407493,1
False,True,1,False,False,0,0,True,0,True,False,False,False,0.16417596295516734,1
False,True,1,False,False,0,0,True,1,False,False,True,True,0.350873500315723,2
False,False,0,False,True,1,0,False,0,False,False,False,False,0.16417596295516734,5
False,False,1,False,False,0,0,False,0,False,False,True,False,0.011576510208377183,1
False,False,1,True,False,1,0,False,0,False,False,False,False,0.350873500315723,1
False,True,0,False,False,0,1,True,0,False,False,False,True,0.350873500315723,1
False,True,0,False,False,0,1,False,1,True,False,False,False,0.0545148389812671,1
False,False,1,False,False,0,0,False,1,False,False,True,False,0.011576510208377183,1
False,False,1,True,False,0,0,False,1,False,False,False,False,0.03641338665544096,5
False,True,1,False,False,0,0,True,0,False,False,False,False,0.15091559671648075,4
False,False,1,False,False,0,0,False,0,False,False,False,False,0.03641338665544096,1
False,True,1,False,False,0,0,True,0,False,False,True,False,0.0014733740265207324,5
False,False,1,True,False,0,0,False,0,False,False,False,True,0.16417596295516734,2
True,False,1,False,False,0,0,False,1,False,False,True,False,0.15091559671648075,1
False,True,0,True,False,0,0,False,0,False,False,False,False,0.350873500315723,5
False,False,1,True,False,1,0,False,0,False,False,False,False,0.350873500315723,1
False,False,1,False,True,0,0,False,1,False,False,False,True,0.350873500315723,1
True,True,0,False,False,0,1,False,0,False,False,False,False,0.350873500315723,4
False,True,0,True,False,1,0,False,0,False,False,False,True,0.350873500315723,1
False,False,0,False,False,0,1,False,0,False,False,False,False,0.16417596295516734,4
False,True,0,True,False,0,0,False,0,False,False,False,False,0.350873500315723,5
False,True,1,False,False,0,0,False,1,False,False,False,True,0.350873500315723,1
False,True,0,False,False,0,0,True,0,False,False,False,False,0.15091559671648075,5
False,False,0,True,False,0,1,False,0,True,False,False,False,0.350873500315723,3
False,False,1,True,False,0,0,False,0,False,False,False,True,0.16417596295516734,2
False,False,0,False,False,1,1,False,0,False,False,False,False,0.350873500315723,4
False,True,0,False,False,0,0,False,1,False,False,True,True,0.350873500315723,5
False,True,0,False,False,0,0,True,1,False,False,False,True,0.350873500315723,5
False,True,0,False,False,1,1,True,0,False,False,True,True,0.350873500315723,1
False,False,1,False,False,1,0,True,0,False,False,False,True,0.02252157440538834,1
False,False,0,True,False,1,0,False,0,False,False,False,False,0.350873500315723,5
True,True,0,False,False,0,1,True,1,False,False,False,False,0.350873500315723,1
False,False,1,False,False,1,0,True,0,False,False,False,True,0.15091559671648075,2
False,False,0,False,False,1,1,True,0,False,False,False,False,0.0004209640075773521,0
False,True,0,True,False,1,1,False,0,False,True,False,True,0.350873500315723,3
False,True,1,True,False,0,0,False,1,True,False,False,False,0.350873500315723,3
False,False,1,False,False,0,0,False,0,False,False,False,False,0.03641338665544096,3
False,True,1,False,False,0,0,False,1,False,False,False,False,0.0545148389812671,4
False,True,1,False,False,0,0,False,1,False,False,False,False,0.350873500315723,4
False,True,0,True,False,0,1,False,0,False,False,False,False,0.003578194064407493,3
False,True,1,True,False,0,0,False,0,True,False,False,False,0.007366870132603663,1
False,True,0,False,True,0,1,False,0,False,True,False,True,0.011576510208377183,0
False,False,0,False,False,1,1,False,0,False,False,False,False,0.002946748053041465,4
False,True,1,True,False,1,0,False,0,False,False,False,True,0.350873500315723,1
False,False,1,True,False,0,0,False,1,True,True,False,False,0.350873500315723,1
False,True,1,False,False,1,0,False,0,False,False,False,True,0.0545148389812671,3
False,True,1,False,False,0,0,False,0,False,False,False,True,0.16417596295516734,1
False,False,1,False,False,0,0,False,0,False,False,False,False,0.03641338665544096,1
False,False,1,False,False,0,0,False,0,False,False,False,False,0.009261208166701748,4
False,True,0,False,False,1,0,True,0,False,False,False,False,0.0545148389812671,3
False,False,0,True,False,1,1,False,0,True,False,False,False,0.350873500315723,4
False,True,1,False,False,0,0,False,0,False,False,False,True,0.350873500315723,2
False,False,0,False,False,1,0,True,0,False,False,False,False,0.16417596295516734,5
False,False,1,True,False,0,0,False,0,False,False,False,False,0.350873500315723,1
False,True,0,False,False,0,1,True,0,True,False,False,False,0.15091559671648075,4
False,True,1,False,False,0,0,True,0,False,False,False,False,0.16417596295516734,1
False,False,1,False,True,0,0,False,0,False,False,False,False,0.16417596295516734,1
False,True,0,True,False,0,1,False,0,True,False,False,False,0.16417596295516734,2
False,False,1,False,False,0,0,False,0,False,False,True,False,0.011576510208377183,1
False,False,1,False,False,0,0,True,1,False,False,True,False,0.16417596295516734,0
True,False,1,False,False,1,0,False,0,False,False,True,False,0.009261208166701748,1
False,True,1,True,False,0,0,False,0,False,False,True,True,0.02252157440538834,3
False,True,0,False,True,1,0,False,0,False,False,False,True,0.004420122079562197,4
False,False,1,False,False,0,0,False,0,False,False,False,False,0.16417596295516734,4
False,True,0,False,True,0,1,False,0,False,False,False,False,0.16417596295516734,4
False,False,0,True,False,0,1,False,0,False,False,False,False,0.350873500315723,4
False,False,1,False,True,1,0,False,0,False,False,False,False,0.350873500315723,1
False,False,1,False,False,0,0,False,0,False,False,False,False,0.16417596295516734,3
False,False,1,True,False,0,0,False,0,False,False,False,True,0.16417596295516734,1
False,True,0,False,False,0,1,True,0,False,False,False,True,0.007787834140181015,1
False,False,1,False,False,0,0,False,0,False,False,False,False,0.350873500315723,3
False,True,0,False,False,0,1,True,0,False,False,True,False,0.16417596295516734,1
False,True,1,False,False,0,0,False,1,False,False,False,False,0.16417596295516734,1
False,True,1,False,False,0,0,False,1,False,False,True,True,0.350873500315723,1
True,True,1,False,False,1,0,True,0,False,False,True,False,0.350873500315723,5
False,True,1,False,False,0,0,False,0,False,False,False,True,0.15091559671648075,3
False,True,1,False,False,1,0,True,0,False,False,True,False,0.350873500315723,1
False,False,1,False,False,0,0,True,1,False,False,False,False,0.350873500315723,1
False,False,1,True,False,0,0,False,0,False,False,False,True,0.16417596295516734,2
False,True,1,False,False,0,0,False,0,False,False,False,True,0.15091559671648075,3
False,False,1,False,True,0,0,False,1,False,False,False,True,0.350873500315723,1
False,True,1,False,False,0,0,True,0,False,False,True,False,0.01178699221216586,4
False,True,1,False,False,0,0,False,1,False,False,False,False,0.15091559671648075,1
False,False,0,False,False,1,1,False,0,False,False,False,True,0.15091559671648075,4
False,True,0,False,False,0,1,True,0,False,False,True,False,0.350873500315723,3
False,False,1,False,False,0,0,False,1,False,False,False,False,0.017470006314460114,1
False,False,1,False,False,0,0,True,1,False,False,False,True,0.350873500315723,5
False,False,1,False,True,1,0,False,0,False,False,False,True,0.16417596295516734,3
False,False,1,False,False,0,0,False,0,False,False,False,True,0.350873500315723,1
False,True,0,False,True,1,1,False,0,False,False,False,True,0.350873500315723,4
True,True,1,False,False,1,0,False,0,True,False,False,False,0.350873500315723,1
False,False,1,False,False,0,0,False,0,False,False,False,False,0.03641338665544096,1
False,False,1,False,False,0,0,False,0,False,False,False,True,0.350873500315723,4
False,False,0,False,False,0,1,False,0,False,False,False,False,0.029677962534203326,4
False,True,0,True,False,1,0,False,0,True,False,False,False,0.350873500315723,5
False,True,0,False,True,1,0,False,0,False,False,False,True,0.350873500315723,1
False,False,0,False,False,1,0,True,0,False,False,True,True,0.350873500315723,5
False,True,0,False,False,0,0,False,0,False,False,False,True,0.15091559671648075,1
False,False,0,False,False,0,0,True,0,False,False,False,False,0.350873500315723,5
False,True,1,False,True,0,0,False,0,True,False,False,False,0.350873500315723,3
False,False,1,False,True,1,0,False,0,False,False,False,True,0.15091559671648075,1
False,True,0,False,False,0,0,False,0,True,False,False,False,0.0545148389812671,1
False,True,1,False,False,0,0,False,0,False,False,False,True,0.350873500315723,2
False,False,0,True,False,1,0,False,0,False,False,True,False,0.350873500315723,4
True,True,1,False,False,0,0,False,0,False,False,False,False,0.15091559671648075,1
False,False,1,False,False,0,0,False,0,False,False,False,False,0.15091559671648075,3
False,True,0,False,False,0,1,False,0,False,False,False,False,0.15091559671648075,4
True,False,0,False,False,0,1,False,0,False,False,True,False,0.03641338665544096,1
False,True,1,False,False,0,0,False,1,False,False,False,False,0.02252157440538834,1
False,False,1,False,False,0,0,False,1,False,False,False,False,0.017470006314460114,1
False,False,0,True,False,0,1,False,1,False,False,False,True,0.350873500315723,4
True,False,1,False,False,0,0,False,1,False,False,False,False,0.0545148389812671,1
False,False,0,False,True,1,1,False,0,False,False,False,True,0.16417596295516734,2
False,False,1,False,False,1,0,False,0,False,False,True,False,0.15091559671648075,5
False,True,0,False,False,0,0,True,0,False,False,True,True,0.350873500315723,4
False,True,0,False,False,0,0,False,0,False,False,False,False,0.350873500315723,1
False,False,1,False,True,0,0,False,1,False,False,False,True,0.006103978109871606,1
False,False,1,False,False,0,0,False,0,False,False,True,False,0.350873500315723,1
False,False,1,False,False,0,0,True,0,False,False,False,True,0.16417596295516734,1
False,False,0,False,False,0,1,False,0,False,False,False,False,0.017470006314460114,1
False,False,0,False,False,0,1,False,0,False,False,False,False,0.0006314460113660282,3
False,False,1,False,False,0,0,False,0,False,False,False,False,0.0008419280151547042,4
False,False,1,False,False,0,0,True,1,False,False,False,True,0.01178699221216586,1
False,False,1,False,False,0,0,False,0,False,False,False,True,0.015154704272784677,1
False,True,1,True,False,1,0,False,0,False,False,False,True,0.350873500315723,3
False,True,0,False,False,0,0,True,0,False,False,False,False,0.16417596295516734,4
False,False,1,False,False,0,0,True,1,False,True,True,False,0.350873500315723,1
True,True,1,False,True,1,0,False,0,True,False,False,False,0.02252157440538834,3
False,False,1,False,False,1,0,False,0,False,False,False,False,0.350873500315723,1
False,True,1,True,False,0,0,False,0,False,False,False,False,0.0025257840454641126,1
False,True,0,False,False,0,0,False,1,False,False,False,True,0.350873500315723,1
False,False,1,False,False,0,0,False,1,False,False,False,False,0.0545148389812671,1
False,True,1,False,False,0,0,True,1,False,False,False,True,0.350873500315723,1
False,True,0,False,False,0,1,True,0,False,False,True,False,0.350873500315723,4
False,True,0,False,True,0,0,False,0,False,False,False,True,0.350873500315723,5
False,False,1,False,False,0,0,False,0,False,False,False,False,0.005262050094716902,1
False,False,1,True,False,1,0,False,0,False,False,False,False,0.16417596295516734,3
False,False,0,False,False,0,1,True,0,False,False,False,True,0.350873500315723,4
False,False,1,True,False,0,0,False,0,False,False,False,False,0.350873500315723,2
False,False,1,False,False,0,0,True,0,False,False,False,False,0.16417596295516734,1
False,True,1,True,False,0,0,False,0,True,False,False,False,0.350873500315723,2
False,False,1,False,False,1,0,False,0,False,False,False,True,0.15091559671648075,5
False,False,1,False,False,0,0,False,1,False,False,False,False,0.15091559671648075,1
False,False,1,False,False,0,0,False,0,False,False,True,False,0.015154704272784677,1
False,False,1,False,False,0,0,True,1,False,False,False,True,0.02252157440538834,1
False,True,1,True,False,0,0,False,0,False,False,False,False,0.012418438223531888,4
False,False,0,False,False,0,1,True,0,True,False,True,False,0.003578194064407493,0
False,False,0,False,True,0,1,False,0,False,False,False,True,0.350873500315723,1
False,False,0,False,False,0,1,True,0,False,False,False,True,0.15091559671648075,1
False,False,1,False,False,0,0,False,0,False,False,False,True,0.350873500315723,5
True,False,0,False,False,0,1,False,1,False,False,False,False,0.017470006314460114,1
False,True,1,False,False,1,0,False,0,False,False,False,True,0.006103978109871606,1
False,False,1,False,False,0,0,False,0,False,False,False,False,0.03641338665544096,1
False,True,0,False,False,0,1,True,0,False,False,True,True,0.350873500315723,1
False,False,0,False,False,0,0,True,0,False,False,False,True,0.012418438223531888,5
False,False,1,False,False,0,0,False,1,False,False,False,False,0.03641338665544096,1
False,False,0,False,False,0,1,False,1,False,False,False,False,0.002946748053041465,1
False,True,1,False,False,0,0,True,0,False,False,False,True,0.0545148389812671,4
False,True,1,False,False,0,0,False,0,False,False,False,True,0.350873500315723,1
False,True,1,False,False,0,0,True,0,False,False,False,True,0.350873500315723,3
False,True,0,False,False,0,1,True,0,False,False,True,True,0.350873500315723,1
False,False,0,True,False,1,1,False,0,False,False,False,False,0.16417596295516734,3
False,False,0,True,False,0,1,False,0,False,False,False,False,0.01178699221216586,1
False,False,0,False,False,0,1,False,0,False,False,True,False,0.029677962534203326,4
False,False,0,False,False,0,0,False,0,False,False,False,True,0.16417596295516734,4
False,True,0,False,True,0,1,False,0,False,False,False,False,0.16417596295516734,4
False,False,1,False,False,0,0,False,0,False,False,False,False,0.029677962534203326,3
False,False,1,False,False,0,0,False,0,True,False,False,False,0.15091559671648075,5
False,True,0,True,False,0,0,False,0,False,False,False,False,0.350873500315723,5
False,False,0,False,False,0,1,False,1,False,False,False,True,0.15091559671648075,1
False,True,0,True,False,0,1,False,1,False,False,False,False,0.350873500315723,4
False,True,1,True,False,1,0,False,0,False,False,False,True,0.350873500315723,2
False,False,1,False,True,0,0,False,0,False,False,False,True,0.350873500315723,4
False,False,0,True,False,0,1,False,0,True,False,False,False,0.350873500315723,1
False,True,0,True,False,0,0,False,0,False,False,False,True,0.029677962534203326,5
False,True,1,False,False,0,0,True,0,False,False,False,False,0.02252157440538834,3
False,True,1,False,False,0,0,True,0,False,False,False,True,0.350873500315723,1
False,False,1,False,False,0,0,False,0,False,False,False,False,0.350873500315723,0
False,False,1,False,False,0,0,False,0,False,False,False,False,0.15091559671648075,5
False,True,1,False,False,1,0,False,0,False,False,False,True,0.350873500315723,3
False,True,1,False,False,0,0,False,1,False,False,True,False,0.350873500315723,1
False,True,1,False,False,0,0,False,0,False,False,False,True,0.16417596295516734,0
False,True,1,True,False,1,0,False,0,False,False,False,True,0.350873500315723,1
False,True,0,True,False,0,1,False,1,False,False,False,False,0.02252157440538834,0
True,False,1,False,False,0,0,False,0,False,False,False,False,0.16417596295516734,1
False,False,1,True,False,0,0,False,0,False,False,False,True,0.350873500315723,1
True,True,1,False,False,1,0,True,0,False,False,True,True,0.350873500315723,1
True,False,0,False,False,0,1,False,0,False,False,True,False,0.015154704272784677,0
False,True,0,True,False,0,1,False,0,False,False,False,True,0.350873500315723,1
False,False,0,False,False,0,1,False,0,False,False,False,False,0.0018943380340980846,3
False,True,0,False,False,0,1,True,0,False,False,True,True,0.350873500315723,1
True,False,1,False,False,0,0,False,1,False,False,True,False,0.15091559671648075,4
True,True,0,False,False,0,0,True,1,False,False,True,False,0.350873500315723,1
False,True,0,False,False,0,0,True,0,False,False,False,False,0.350873500315723,1
True,False,0,False,False,1,1,False,0,False,False,False,True,0.15091559671648075,4
False,False,1,False,False,0,0,True,0,False,False,False,True,0.0025257840454641126,1
False,False,1,False,False,0,0,False,0,False,False,False,False,0.02252157440538834,1
False,False,1,False,False,0,0,True,0,False,False,False,True,0.16417596295516734,5
False,True,0,False,False,0,1,False,0,False,False,False,False,0.16417596295516734,4
False,False,1,False,False,0,0,False,0,False,False,False,False,0.029677962534203326,1
False,False,1,False,True,0,0,False,1,False,False,False,True,0.16417596295516734,1
False,False,1,False,False,0,0,True,0,False,False,False,True,0.16417596295516734,2
False,False,0,False,True,0,1,False,0,False,False,False,True,0.009261208166701748,1
False,True,1,False,False,0,0,False,0,False,False,False,False,0.350873500315723,1
False,False,0,False,False,0,1,False,0,False,False,False,False,0.029677962534203326,4
False,False,1,False,False,0,0,False,0,False,False,False,True,0.15091559671648075,1
False,True,0,False,False,0,1,False,0,False,False,False,True,0.350873500315723,1
False,False,0,True,False,0,1,False,1,False,False,False,True,0.350873500315723,1
False,False,0,True,False,0,1,False,0,False,False,False,False,0.350873500315723,4
False,False,1,False,False,0,0,False,0,False,False,False,False,0.0545148389812671,1
False,True,0,False,False,0,1,True,0,False,False,False,True,0.350873500315723,4
False,True,1,False,False,0,0,True,0,False,False,False,False,0.029677962534203326,4
True,False,1,False,False,0,0,False,0,False,False,True,False,0.0025257840454641126,1
False,False,1,False,False,0,0,True,0,False,False,False,False,0.15091559671648075,1
False,True,1,False,False,0,0,True,0,False,False,False,False,0.350873500315723,5
False,True,0,False,False,0,1,True,0,False,False,False,False,0.350873500315723,3
False,False,0,False,False,1,0,False,0,False,False,False,False,0.011576510208377183,1
False,True,1,False,False,0,0,False,0,False,False,False,True,0.16417596295516734,4
False,True,0,True,False,0,0,False,1,False,False,True,False,0.16417596295516734,1
False,False,0,False,False,0,1,False,1,False,False,True,False,0.15091559671648075,1
False,True,1,False,False,1,0,True,0,False,False,True,True,0.01178699221216586,1
False,True,0,False,True,0,1,False,0,False,False,False,True,0.350873500315723,1
False,True,0,False,False,0,0,True,1,False,False,False,True,0.350873500315723,5
False,True,0,False,False,1,1,True,0,False,False,True,True,0.350873500315723,1
False,False,1,False,False,0,0,False,0,False,False,False,False,0.15091559671648075,2
False,True,1,False,False,1,0,True,0,True,False,False,False,0.15091559671648075,1
False,True,1,False,True,0,0,False,1,False,False,False,True,0.15091559671648075,1
False,False,1,True,False,0,0,False,0,False,False,False,False,0.16417596295516734,2
False,True,1,True,False,0,0,False,1,False,False,False,True,0.350873500315723,2
False,True,0,False,False,1,1,False,0,False,False,False,True,0.350873500315723,4
False,False,1,True,False,1,0,False,0,False,False,False,True,0.350873500315723,2
False,False,0,False,False,0,1,False,0,False,False,False,True,0.15091559671648075,1
False,True,1,False,False,0,0,True,0,False,False,True,True,0.350873500315723,1
False,True,1,True,False,0,0,False,0,False,False,False,False,0.350873500315723,4
True,True,1,False,False,0,0,True,1,True,False,True,False,0.350873500315723,1
False,True,0,False,False,1,1,True,0,False,False,False,False,0.0545148389812671,4
False,False,1,False,False,0,0,False,1,False,False,False,False,0.03641338665544096,1
False,True,1,False,False,0,0,False,0,False,False,False,True,0.16417596295516734,1
False,False,1,False,False,0,0,True,0,False,False,False,False,0.009261208166701748,0
False,False,1,True,False,0,0,False,1,False,False,False,True,0.006103978109871606,1
False,False,0,False,False,0,0,False,0,False,False,False,False,0.15091559671648075,5
False,False,0,False,False,1,1,True,0,False,False,True,True,0.350873500315723,1
False,False,0,False,False,0,1,False,0,False,False,False,False,0.16417596295516734,4
False,True,1,False,False,0,0,True,1,False,False,False,True,0.01178699221216586,1
False,False,1,False,False,0,0,True,0,False,False,False,True,0.350873500315723,1
False,True,1,False,False,0,0,False,0,True,False,False,False,0.350873500315723,1
True,True,0,False,False,0,0,False,0,False,False,False,False,0.350873500315723,1
False,True,0,True,False,0,1,False,0,True,False,False,False,0.350873500315723,1
True,True,1,False,False,0,0,True,0,False,False,True,False,0.350873500315723,1
False,False,0,False,False,0,0,False,0,False,False,False,False,0.029677962534203326,4
False,True,0,False,False,1,1,True,0,False,False,False,False,0.350873500315723,4
False,True,0,False,False,0,1,False,1,False,False,False,True,0.006314460113660282,1
False,True,0,True,False,0,0,False,1,False,False,False,True,0.350873500315723,5
False,False,0,False,False,0,1,False,1,False,False,False,False,0.0545148389812671,4
False,False,0,True,False,1,1,False,0,False,False,False,True,0.350873500315723,0
False,True,1,False,False,0,0,False,1,False,False,True,False,0.350873500315723,5
False,True,0,False,False,0,1,False,1,True,False,False,False,0.350873500315723,4
False,True,1,True,False,0,0,False,0,False,True,True,True,0.03641338665544096,1
False,False,1,False,False,0,0,True,0,True,False,False,False,0.350873500315723,1
False,False,0,False,False,0,1,False,1,False,False,True,False,0.011576510208377183,1
False,True,0,False,False,0,0,True,1,False,False,False,True,0.0545148389812671,5
False,False,1,False,True,0,0,False,1,False,False,False,True,0.16417596295516734,2
True,False,0,False,False,0,0,False,0,False,False,True,False,0.011576510208377183,0
False,True,1,False,False,0,0,False,0,False,False,False,False,0.00021048200378867606,1
False,False,0,False,True,0,0,False,0,False,False,False,False,0.16417596295516734,5
False,True,1,True,False,0,0,False,1,False,False,False,True,0.350873500315723,2
False,True,0,False,False,0,1,True,0,False,False,False,False,0.350873500315723,4
False,True,1,False,False,0,0,True,0,False,False,False,False,0.0545148389812671,4
False,True,0,True,False,0,1,False,0,False,False,False,False,0.16417596295516734,3
False,False,1,False,False,0,0,False,1,False,False,True,False,0.03641338665544096,5
False,False,1,True,False,0,0,False,0,False,False,False,True,0.029677962534203326,4
False,False,1,False,False,0,0,False,0,False,False,False,False,0.003157230056830141,2
False,True,0,True,False,0,0,False,0,False,False,False,True,0.350873500315723,2
False,False,1,True,False,1,0,False,0,False,False,False,True,0.15091559671648075,3
False,False,1,False,False,0,0,False,0,False,False,True,False,0.03641338665544096,1
False,True,1,False,False,1,0,False,0,False,False,False,False,0.0545148389812671,2
False,True,1,False,False,0,0,True,0,False,False,False,True,0.350873500315723,2
False,False,1,False,False,0,0,False,0,False,False,False,False,0.005262050094716902,1
False,False,1,False,False,0,0,False,0,False,False,False,True,0.16417596295516734,0
False,True,1,False,True,0,0,False,0,False,False,False,True,0.350873500315723,5
False,False,1,False,False,0,0,True,0,False,False,False,False,0.15091559671648075,1
False,True,0,False,False,0,1,False,0,False,False,False,True,0.16417596295516734,1
False,True,1,False,False,0,0,True,0,False,False,True,False,0.16417596295516734,1
False,True,0,False,False,0,1,True,1,False,False,False,True,0.0545148389812671,1
False,True,0,True,False,0,1,False,0,False,False,False,False,0.350873500315723,4
False,False,0,False,False,0,0,False,0,False,False,False,False,0.350873500315723,4
False,True,0,True,False,0,1,False,1,False,False,False,True,0.15091559671648075,1
False,True,1,True,False,0,0,False,1,False,False,False,True,0.15091559671648075,2
False,False,0,True,False,0,1,False,1,False,False,False,True,0.350873500315723,0
False,True,1,False,False,0,0,True,0,False,False,False,True,0.01178699221216586,1
False,False,1,False,False,0,0,False,1,False,False,False,True,0.0545148389812671,1
False,True,0,False,False,0,0,True,1,False,False,False,True,0.15091559671648075,5
False,True,1,False,False,0,0,True,0,False,False,False,False,0.16417596295516734,0
False,False,1,False,False,0,0,False,0,False,False,False,False,0.007366870132603663,1
False,False,0,False,False,0,1,False,0,False,False,False,False,0.350873500315723,1
False,False,1,False,False,0,0,False,0,False,False,True,False,0.03641338665544096,1
False,True,1,True,False,0,0,False,0,False,False,False,True,0.350873500315723,1
False,True,0,False,False,1,1,True,0,False,False,False,True,0.15091559671648075,4
False,False,1,False,False,0,0,False,0,False,False,False,False,0.0010524100189433804,1
False,True,1,False,False,0,0,False,0,False,False,False,False,0.00484108608713955,1
False,True,0,False,False,1,0,False,0,False,False,False,False,0.02252157440538834,0
False,False,1,False,False,0,0,False,0,False,False,True,False,0.011576510208377183,1
True,False,1,False,False,0,0,False,0,False,False,True,False,0.015154704272784677,0
False,False,1,False,False,0,0,False,0,False,False,False,False,0.00021048200378867606,1
False,True,0,False,False,0,1,False,0,False,False,True,True,0.005262050094716902,4
False,False,1,False,False,0,0,False,0,False,False,False,True,0.15091559671648075,1
False,True,1,False,False,0,0,True,0,False,False,True,False,0.350873500315723,1
False,False,1,False,False,0,0,True,1,False,False,True,True,0.350873500315723,1
False,True,1,False,False,0,0,True,0,False,False,False,True,0.350873500315723,1
False,False,1,False,False,0,0,True,1,False,False,False,False,0.15091559671648075,1
False,True,0,False,True,0,1,False,1,False,False,False,True,0.16417596295516734,1
False,True,1,False,False,1,0,True,0,False,False,True,True,0.350873500315723,1
False,False,0,False,False,0,0,True,0,False,False,False,True,0.03641338665544096,5
False,False,0,False,False,0,0,False,0,False,False,False,True,0.350873500315723,5
False,True,1,False,False,0,0,False,0,False,False,False,True,0.350873500315723,1
False,True,1,True,False,0,0,False,1,False,False,False,False,0.16417596295516734,1
False,True,0,False,False,0,1,True,1,False,False,False,True,0.16417596295516734,4
True,False,0,False,False,0,1,False,0,False,False,False,False,0.15091559671648075,4
False,False,0,False,False,0,0,True,0,False,False,False,True,0.0545148389812671,5
False,False,1,False,False,0,0,False,0,False,False,False,True,0.029677962534203326,1
False,True,1,False,False,0,0,False,1,True,False,False,False,0.15091559671648075,1
False,False,1,False,False,0,0,False,1,False,False,False,False,0.017470006314460114,1
False,True,1,False,False,1,0,False,0,False,False,False,False,0.350873500315723,2
False,True,1,False,False,0,0,False,0,False,False,False,False,0.0012628920227320563,1
False,False,1,False,False,0,0,False,0,False,True,False,True,0.350873500315723,1
False,False,1,False,True,1,0,False,0,False,False,False,True,0.350873500315723,3
False,False,1,False,False,0,0,False,0,False,False,False,False,0.03641338665544096,1
False,False,1,False,False,0,0,True,0,False,False,False,True,0.0545148389812671,1
True,False,0,False,False,0,1,False,1,False,False,False,False,0.03641338665544096,4
False,False,0,False,False,0,1,False,0,False,False,False,True,0.02252157440538834,1
False,True,0,False,False,0,1,True,0,False,False,False,False,0.350873500315723,1
True,False,0,False,False,0,0,False,0,False,False,True,False,0.03641338665544096,1
False,True,1,True,False,1,0,False,0,False,False,False,True,0.350873500315723,1
False,True,1,True,False,0,0,False,1,False,False,False,True,0.029677962534203326,3
False,False,1,False,False,0,0,True,0,True,False,False,False,0.16417596295516734,3
False,True,1,True,False,0,0,False,0,False,False,False,False,0.029677962534203326,2
False,False,1,True,False,0,0,False,0,False,False,False,True,0.003578194064407493,3
False,False,1,False,False,0,0,False,1,False,False,False,False,0.009261208166701748,5
False,False,1,False,False,1,0,False,0,False,False,False,True,0.15091559671648075,2
False,True,0,False,False,0,0,True,0,False,False,True,True,0.003367712060618817,4
False,True,0,True,False,0,1,False,0,False,False,False,True,0.350873500315723,1
False,True,0,True,False,1,1,False,0,False,False,False,True,0.006103978109871606,4
False,False,1,False,False,0,0,False,0,False,False,False,False,0.029677962534203326,5
False,False,1,False,False,1,0,False,0,False,False,False,False,0.029677962534203326,4
True,True,1,False,False,0,0,True,0,False,False,True,True,0.350873500315723,1
False,False,1,True,False,0,0,False,1,False,False,False,True,0.350873500315723,1
False,False,0,False,False,0,0,True,0,False,False,False,False,0.00021048200378867606,1
False,True,1,False,False,0,0,True,1,False,False,False,True,0.0545148389812671,4
False,False,0,False,True,0,1,False,0,False,False,False,False,0.15091559671648075,1
False,False,1,False,False,0,0,True,0,False,False,False,True,0.029677962534203326,2
False,False,1,False,False,0,0,True,0,False,False,True,False,0.15091559671648075,1
False,False,0,False,False,0,1,False,0,False,False,False,False,0.16417596295516734,2
False,True,1,False,False,0,0,True,1,False,False,True,False,0.005262050094716902,2
False,False,0,False,False,1,1,False,0,False,False,False,False,0.007787834140181015,3
False,True,1,False,False,0,0,True,0,False,False,False,True,0.15091559671648075,1
False,False,1,False,False,0,0,False,0,False,False,True,False,0.03641338665544096,1
False,True,1,False,True,0,0,False,0,False,False,False,True,0.350873500315723,1
True,True,0,True,False,0,1,False,0,False,False,False,False,0.16417596295516734,3
False,False,1,False,False,0,0,False,0,False,False,False,False,0.16417596295516734,4
False,False,0,False,False,0,1,False,0,False,False,False,False,0.16417596295516734,1
False,False,1,False,False,0,0,True,0,False,False,False,True,0.15091559671648075,3
False,False,1,False,True,0,0,False,0,False,False,False,True,0.350873500315723,1
False,True,0,True,False,0,1,False,0,False,False,False,True,0.350873500315723,2
False,False,1,False,False,0,0,False,0,False,False,True,False,0.03641338665544096,1
False,False,1,True,False,0,0,False,1,False,False,False,False,0.006314460113660282,1
True,False,1,False,False,0,0,False,0,False,False,True,False,0.01178699221216586,0
False,True,1,False,False,0,0,True,0,False,False,False,False,0.350873500315723,3
False,True,1,True,False,0,0,False,0,False,False,False,True,0.350873500315723,3
False,False,1,False,True,0,0,False,0,False,False,False,False,0.16417596295516734,3
False,True,1,False,False,0,0,False,0,False,False,False,False,0.16417596295516734,3
False,True,1,False,True,0,0,False,0,False,False,True,False,0.350873500315723,1
False,False,1,False,False,0,0,False,0,False,False,False,False,0.017470006314460114,1
False,True,1,False,False,0,0,True,1,False,False,False,True,0.16417596295516734,1
False,False,1,False,False,0,0,True,0,False,False,False,True,0.350873500315723,1
False,False,1,False,False,0,0,False,0,False,False,False,False,0.0545148389812671,0
False,False,1,True,False,0,0,False,0,False,False,False,True,0.00484108608713955,3
False,True,1,True,False,0,0,False,1,False,False,False,False,0.350873500315723,1
False,False,1,False,False,0,0,False,0,False,False,False,False,0.015154704272784677,1
False,False,1,False,False,0,0,False,0,False,False,True,False,0.029677962534203326,4
False,False,0,False,False,0,1,True,0,False,False,False,True,0.16417596295516734,4
False,False,1,False,False,1,0,False,0,False,False,False,False,0.15091559671648075,1
False,False,1,False,False,0,0,False,0,False,False,False,False,0.003788676068196169,4
False,True,0,False,False,0,1,True,0,False,False,False,False,0.0012628920227320563,4
False,False,0,False,False,0,1,False,0,False,False,True,False,0.0545148389812671,0
False,False,1,False,False,0,0,False,0,False,False,True,False,0.0025257840454641126,5
False,False,1,False,True,0,0,False,0,False,False,False,False,0.15091559671648075,3
False,True,1,True,False,0,0,False,0,False,False,False,False,0.16417596295516734,1
False,False,1,False,False,0,0,False,0,False,False,False,False,0.350873500315723,0
False,True,1,True,False,0,0,False,1,False,False,False,True,0.15091559671648075,2
False,True,1,True,False,0,0,False,0,False,False,False,True,0.350873500315723,1
False,False,1,False,False,1,0,True,0,False,True,True,False,0.0014733740265207324,1
False,False,0,False,False,0,1,True,0,False,False,False,True,0.350873500315723,1
False,True,1,False,False,0,0,True,0,False,False,True,False,0.16417596295516734,3
False,True,0,False,False,0,1,False,0,True,False,False,False,0.0545148389812671,1
False,False,0,False,False,1,1,True,0,False,False,True,False,0.350873500315723,4
False,True,0,True,False,0,1,False,0,False,False,False,True,0.350873500315723,2
False,False,1,False,False,0,0,False,1,False,False,False,False,0.012418438223531888,1
True,True,1,False,False,1,0,False,0,False,False,False,False,0.0545148389812671,2
False,False,0,False,False,0,1,False,0,False,False,False,False,0.003578194064407493,3
True,True,1,False,False,0,0,True,1,False,False,True,True,0.350873500315723,2
False,True,0,False,False,0,1,True,0,False,False,True,False,0.16417596295516734,1
False,True,1,False,False,0,0,True,1,False,False,True,False,0.350873500315723,1
False,True,0,False,False,0,1,False,0,False,False,False,False,0.350873500315723,4
False,False,1,False,False,0,0,False,0,False,False,False,False,0.15091559671648075,1
False,True,0,False,True,0,1,False,0,False,False,False,False,0.350873500315723,0
False,True,0,False,True,0,0,False,0,False,False,False,True,0.0014733740265207324,5
False,False,0,False,False,0,1,False,0,False,False,False,False,0.011576510208377183,1
False,True,1,False,False,0,0,True,0,False,False,True,True,0.0545148389812671,5
False,True,0,True,False,0,0,False,0,False,False,False,True,0.350873500315723,5
True,False,0,False,False,0,0,False,0,False,False,True,False,0.03641338665544096,1
False,False,1,False,True,0,0,False,0,False,False,False,True,0.16417596295516734,1
False,True,0,False,False,1,0,False,0,False,False,True,False,0.350873500315723,0
False,True,0,False,False,0,1,False,1,True,False,False,False,0.15091559671648075,4
False,False,0,False,False,0,0,False,0,True,False,False,False,0.350873500315723,1
False,True,1,False,False,0,0,True,1,False,False,True,True,0.350873500315723,4
False,True,1,False,False,0,0,False,1,False,False,False,True,0.15091559671648075,4
False,True,1,False,False,0,0,False,0,False,False,False,True,0.350873500315723,3
False,False,0,False,False,0,1,False,0,False,False,False,False,0.350873500315723,4
False,True,1,False,True,0,0,False,0,False,False,False,False,0.15091559671648075,5
False,True,0,False,False,0,1,True,0,False,False,False,True,0.00021048200378867606,3
False,False,1,False,False,0,0,False,0,False,False,True,False,0.011576510208377183,4
False,True,1,False,False,0,0,False,0,False,False,False,False,0.16417596295516734,1
False,False,0,False,False,1,0,False,0,False,False,False,False,0.350873500315723,5
False,True,1,False,False,0,0,True,0,False,False,False,False,0.350873500315723,1
False,False,0,False,False,0,1,False,0,True,False,False,False,0.350873500315723,2
False,False,0,False,False,0,1,False,0,False,False,False,False,0.003578194064407493,3
False,False,1,False,False,0,0,False,1,False,False,True,False,0.15091559671648075,1
False,True,0,True,False,0,1,False,0,False,False,True,False,0.350873500315723,1
False,False,1,True,False,0,0,False,1,False,False,False,True,0.015154704272784677,1
False,True,0,True,False,0,1,False,1,False,False,False,True,0.350873500315723,4
False,False,0,False,True,0,1,False,0,False,False,False,True,0.350873500315723,1
False,True,0,False,False,0,1,False,0,False,False,False,False,0.350873500315723,1
False,False,0,False,False,0,1,False,0,False,False,False,False,0.15091559671648075,1
False,True,1,False,False,0,0,True,1,True,False,False,False,0.16417596295516734,1
False,True,1,False,False,0,0,False,0,False,False,False,True,0.350873500315723,3
False,False,0,False,False,1,1,False,0,False,False,False,False,0.003578194064407493,2
False,True,0,False,False,1,1,True,0,False,False,False,False,0.350873500315723,2
False,False,0,True,False,0,0,False,0,False,False,False,False,0.350873500315723,4
False,False,0,False,True,0,1,False,0,False,False,False,False,0.350873500315723,4
False,False,1,False,False,0,0,False,0,False,False,False,True,0.15091559671648075,5
False,False,1,False,False,0,0,False,1,False,False,True,False,0.004420122079562197,5
True,False,0,False,False,0,1,False,0,False,False,True,False,0.15091559671648075,4
False,False,1,False,False,0,0,True,1,False,False,False,False,0.15091559671648075,2
False,True,1,False,False,1,0,False,0,False,False,False,False,0.350873500315723,3
False,True,1,False,False,1,0,True,0,True,False,False,False,0.16417596295516734,3
False,False,1,False,False,0,0,False,1,False,False,False,False,0.15091559671648075,5
False,True,0,False,False,0,1,False,0,False,False,False,True,0.350873500315723,4
False,False,0,False,False,0,1,False,0,False,False,False,False,0.03641338665544096,1
False,False,1,False,False,0,0,True,0,False,False,False,False,0.16417596295516734,1
False,False,1,False,False,0,0,True,0,False,False,False,False,0.0545148389812671,4
True,True,0,True,False,0,0,False,0,False,False,False,False,0.16417596295516734,1
False,False,1,False,False,0,0,False,0,False,False,True,False,0.15091559671648075,5
False,False,0,False,True,0,0,False,0,False,False,False,False,0.16417596295516734,5
False,True,1,True,False,0,0,False,0,True,False,False,False,0.16417596295516734,1
False,False,0,False,True,0,1,False,0,False,False,False,True,0.011576510208377183,4
False,False,1,False,False,0,0,False,0,False,False,False,True,0.350873500315723,1
False,True,1,False,False,1,0,False,0,False,False,False,True,0.01178699221216586,1
False,False,0,False,False,1,0,True,0,False,False,False,False,0.350873500315723,2
False,True,1,False,False,0,0,True,1,False,False,True,False,0.15091559671648075,1
True,False,1,True,False,0,0,False,0,False,False,False,True,0.00021048200378867606,1
False,False,1,False,False,0,0,False,0,False,False,False,False,0.350873500315723,4
False,True,0,False,False,0,1,False,0,False,False,False,True,0.350873500315723,1
False,False,1,False,False,0,0,True,0,False,False,False,True,0.350873500315723,1
False,True,1,False,False,0,0,True,0,False,False,False,False,0.15091559671648075,1
False,False,0,False,False,1,1,False,0,False,False,False,True,0.0004209640075773521,1
False,False,0,False,False,1,0,False,0,False,False,False,True,0.350873500315723,5
False,True,1,False,False,0,0,False,0,False,False,True,False,0.15091559671648075,5
False,True,1,False,True,0,0,False,0,True,False,False,False,0.16417596295516734,1
False,True,1,False,False,1,0,True,0,False,False,False,False,0.15091559671648075,1
False,False,1,False,False,0,0,False,0,False,False,False,True,0.350873500315723,5
False,False,1,False,False,1,0,False,0,False,False,False,False,0.15091559671648075,1
True,False,0,False,False,0,1,False,0,False,False,False,False,0.15091559671648075,4
False,True,0,False,True,0,1,False,1,False,False,False,False,0.16417596295516734,4
False,False,0,False,False,1,1,False,0,False,False,False,False,0.03641338665544096,4
False,False,0,True,False,0,1,False,0,False,False,False,True,0.350873500315723,4
False,True,1,False,False,0,0,True,0,False,False,False,False,0.350873500315723,1
False,False,1,False,False,0,0,True,0,True,False,False,False,0.350873500315723,1
False,False,1,False,False,0,0,True,0,False,False,False,False,0.350873500315723,1
False,False,0,True,False,0,1,False,0,False,False,False,True,0.350873500315723,4
False,True,0,True,False,0,0,False,1,False,False,False,True,0.350873500315723,5
False,True,0,False,True,0,0,False,0,False,False,False,False,0.16417596295516734,5
False,False,0,False,False,0,0,False,0,False,False,False,False,0.017470006314460114,4
False,True,0,False,False,0,1,False,0,False,False,False,True,0.350873500315723,0
False,False,1,False,False,1,0,False,0,False,False,True,True,0.005262050094716902,1
False,True,1,False,False,0,0,False,0,False,False,False,True,0.004420122079562197,4
False,False,1,False,False,0,0,False,1,False,False,False,False,0.350873500315723,0
False,True,0,False,False,0,1,False,1,True,False,False,False,0.0545148389812671,1
False,False,1,False,False,0,0,False,0,False,False,True,False,0.03641338665544096,1
False,True,1,True,False,0,0,False,1,False,False,False,True,0.350873500315723,1
False,True,1,False,False,1,0,False,0,False,False,False,True,0.006103978109871606,1
False,False,1,False,False,1,0,False,0,False,False,False,False,0.015154704272784677,1
False,True,1,False,True,0,0,False,0,True,False,False,False,0.350873500315723,2
False,False,1,False,False,0,0,False,0,False,False,True,False,0.029677962534203326,5
False,False,1,False,False,0,0,True,0,False,False,True,True,0.15091559671648075,1
False,False,1,False,False,0,0,False,1,False,False,False,False,0.017470006314460114,1
False,False,1,False,False,0,0,False,0,False,False,True,False,0.029677962534203326,2
False,True,0,True,False,0,1,False,0,False,False,False,True,0.16417596295516734,4
False,False,0,False,False,0,1,False,0,False,False,False,False,0.15091559671648075,4
False,False,0,False,False,0,1,False,1,False,False,False,False,0.017470006314460114,4
False,True,1,False,False,1,0,False,0,False,False,False,True,0.16417596295516734,1
False,True,0,False,False,0,0,False,1,False,False,False,True,0.15091559671648075,0
False,False,1,False,False,0,0,False,1,False,False,True,False,0.0014733740265207324,5
False,False,0,False,False,0,1,False,0,False,False,False,True,0.15091559671648075,1
False,False,1,True,False,0,0,False,1,False,False,False,True,0.16417596295516734,0
False,False,1,False,False,0,0,True,1,False,False,True,True,0.15091559671648075,1
False,False,1,False,False,0,0,False,0,False,False,True,False,0.009261208166701748,2
False,True,1,True,False,1,0,False,0,False,False,False,True,0.350873500315723,3
False,True,0,False,False,0,0,False,0,True,False,False,False,0.350873500315723,1
False,False,1,False,False,0,0,True,0,False,False,True,False,0.350873500315723,1
False,False,1,False,False,0,0,False,0,False,False,True,False,0.015154704272784677,5
False,True,0,False,False,0,1,False,0,False,False,False,True,0.0545148389812671,4
False,False,1,False,False,0,0,False,0,False,False,False,False,0.029677962534203326,3
False,True,1,False,False,1,0,True,0,False,False,True,False,0.01178699221216586,1
False,True,1,False,False,0,0,True,1,False,False,True,True,0.350873500315723,0
False,True,0,False,False,0,0,False,1,False,False,False,False,0.350873500315723,3
False,False,1,True,False,0,0,False,1,False,False,False,True,0.15091559671648075,1
True,True,0,False,False,0,0,False,0,False,False,False,False,0.350873500315723,1
False,True,0,True,False,0,0,False,0,True,False,False,False,0.350873500315723,5
False,True,0,False,False,1,0,True,0,False,False,True,True,0.16417596295516734,5
False,False,0,True,False,0,0,False,0,False,False,False,False,0.16417596295516734,5
False,True,0,False,True,0,0,False,1,False,False,False,True,0.350873500315723,1
False,False,1,False,True,0,0,False,1,False,False,False,False,0.15091559671648075,1
True,False,0,True,False,0,1,False,0,True,False,False,False,0.350873500315723,1
False,False,1,False,False,0,0,True,0,False,False,False,True,0.350873500315723,1
False,False,1,False,False,0,0,True,0,False,False,True,False,0.350873500315723,1
False,False,0,False,False,0,1,False,0,False,False,False,False,0.350873500315723,4
False,True,0,False,False,0,1,False,0,False,False,False,True,0.350873500315723,4
False,True,0,False,False,0,1,False,1,False,False,False,True,0.350873500315723,1
False,False,1,False,False,0,0,True,0,False,False,False,True,0.350873500315723,1
False,True,1,False,False,0,0,True,0,False,False,False,True,0.350873500315723,1
False,True,0,False,False,0,1,True,0,False,False,False,True,0.350873500315723,1
False,False,1,False,False,0,0,False,1,False,False,False,False,0.0545148389812671,1
False,True,1,False,True,0,0,False,0,False,False,False,True,0.0018943380340980846,1
False,False,1,False,False,0,0,False,0,False,False,False,False,0.0010524100189433804,1
False,True,0,False,False,0,1,False,0,False,False,False,False,0.15091559671648075,1
False,False,1,False,False,0,0,True,1,False,False,True,True,0.350873500315723,0
True,True,0,False,False,0,1,True,0,False,False,True,False,0.0545148389812671,4
False,True,0,False,False,1,0,True,0,False,False,True,False,0.350873500315723,5
False,False,0,False,False,0,0,False,0,False,False,False,False,0.015154704272784677,0
True,True,0,False,True,0,0,False,0,False,False,False,False,0.350873500315723,5
False,True,1,False,False,1,0,True,0,False,False,False,False,0.15091559671648075,1
False,False,1,False,False,0,0,False,0,False,False,False,True,0.16417596295516734,3
False,False,0,False,False,0,1,False,1,False,False,False,True,0.350873500315723,4
False,True,1,False,False,0,0,False,0,False,False,False,False,0.16417596295516734,0
False,False,1,False,False,0,0,False,0,False,False,False,True,0.15091559671648075,1
False,True,0,False,False,1,1,False,0,False,False,False,False,0.350873500315723,3
False,False,1,False,False,0,0,True,0,False,False,False,True,0.15091559671648075,2
False,False,1,False,False,0,0,False,0,False,False,True,False,0.002946748053041465,1
False,True,1,False,False,0,0,False,0,False,False,False,False,0.16417596295516734,1
False,False,1,False,False,0,0,False,0,False,False,False,False,0.006314460113660282,1
False,True,1,False,False,0,0,True,1,False,False,True,False,0.350873500315723,1
True,False,0,False,False,0,0,False,0,False,False,True,False,0.03641338665544096,1
False,True,0,False,True,1,1,False,0,False,False,False,False,0.16417596295516734,3
False,False,0,True,False,0,1,False,1,True,False,False,False,0.0025257840454641126,1
False,True,0,False,True,0,1,False,1,False,False,False,True,0.15091559671648075,1
False,True,1,True,False,0,0,False,0,False,False,False,False,0.009261208166701748,1
True,False,1,False,False,1,0,False,0,False,False,False,False,0.16417596295516734,3
False,True,1,True,False,1,0,False,0,False,False,False,False,0.350873500315723,1
False,True,0,False,True,0,0,False,1,False,False,False,True,0.16417596295516734,1
False,True,1,False,False,0,0,True,0,False,False,True,False,0.0545148389812671,1
False,True,1,False,False,0,0,False,0,False,False,False,False,0.003578194064407493,2
False,True,0,False,False,1,0,False,0,False,False,False,True,0.02252157440538834,1
False,True,1,False,False,0,0,True,0,False,False,False,True,0.0545148389812671,1
False,True,0,False,False,0,0,False,0,False,False,False,False,0.350873500315723,5
False,False,1,False,False,0,0,True,1,False,False,False,True,0.02252157440538834,1
False,False,0,False,True,0,1,False,0,True,False,False,False,0.350873500315723,3
False,False,1,False,False,0,0,False,0,False,False,False,False,0.02252157440538834,5
False,True,1,False,False,1,0,False,0,False,False,False,True,0.006103978109871606,1
False,True,1,False,False,0,0,True,1,False,False,False,True,0.16417596295516734,1
False,True,1,False,False,0,0,False,0,False,False,False,False,0.0545148389812671,1
False,True,0,False,False,0,0,True,0,True,False,False,False,0.16417596295516734,5
False,True,0,False,False,0,0,False,0,False,False,False,False,0.15091559671648075,1
False,False,1,False,False,0,0,True,0,False,False,True,True,0.350873500315723,5
False,True,1,True,False,0,0,False,0,False,False,False,True,0.0004209640075773521,4
False,True,1,True,False,0,0,False,0,False,False,False,False,0.0010524100189433804,2
False,False,0,False,False,1,0,True,0,False,False,False,False,0.03641338665544096,3
False,True,1,True,False,1,0,False,0,False,False,False,False,0.16417596295516734,4
False,True,0,True,False,0,1,False,0,True,False,False,False,0.350873500315723,3
False,True,0,False,False,0,1,False,0,False,False,False,False,0.16417596295516734,1
False,True,1,False,False,0,0,False,0,False,False,False,True,0.16417596295516734,4
False,False,0,False,False,0,1,False,1,False,False,False,True,0.15091559671648075,0
False,False,1,False,False,0,0,False,1,False,False,False,True,0.16417596295516734,5
False,True,1,False,False,0,0,False,0,False,False,False,True,0.350873500315723,1
False,True,1,False,False,0,0,False,0,False,False,False,True,0.01178699221216586,1
False,False,0,False,False,0,1,True,0,False,False,False,False,0.350873500315723,1
False,False,1,True,False,0,0,False,0,False,False,False,False,0.15091559671648075,1
False,True,1,True,False,0,0,False,0,False,False,False,True,0.15091559671648075,1
False,True,0,True,False,0,1,False,0,True,False,True,False,0.350873500315723,4
True,False,0,False,False,0,0,False,1,False,False,True,False,0.03641338665544096,0
False,False,1,False,False,0,0,False,0,False,False,True,False,0.03641338665544096,1
False,False,1,False,False,0,0,True,0,False,False,True,True,0.16417596295516734,4
True,False,0,False,False,0,1,False,0,False,False,False,False,0.350873500315723,1
False,False,0,False,False,0,1,False,1,False,False,False,True,0.350873500315723,4
False,True,0,True,False,0,0,False,0,False,False,False,True,0.15091559671648075,1
False,False,1,True,False,1,0,False,0,False,False,False,False,0.350873500315723,3
False,False,1,True,False,0,0,False,0,False,False,False,False,0.16417596295516734,4
False,True,0,False,False,0,1,False,0,True,False,False,False,0.350873500315723,1
False,False,1,False,True,0,0,False,0,False,False,False,False,0.0545148389812671,0
False,False,0,False,False,0,0,False,0,False,False,False,False,0.017470006314460114,1
False,False,1,False,False,0,0,False,0,False,False,False,False,0.007787834140181015,4
True,False,0,False,False,0,1,False,0,False,False,False,False,0.03641338665544096,4
False,False,1,True,False,0,0,False,0,False,False,False,False,0.16417596295516734,4
False,False,1,False,False,0,0,False,0,False,False,False,False,0.16417596295516734,3
False,True,0,False,False,0,0,False,0,True,False,False,False,0.350873500315723,1
False,True,0,False,False,0,1,False,0,False,False,False,False,0.15091559671648075,4
False,True,1,False,False,1,0,True,0,True,False,False,False,0.16417596295516734,4
False,True,0,True,False,0,0,False,1,False,False,False,True,0.350873500315723,2
False,False,1,False,False,0,0,True,0,False,False,False,True,0.350873500315723,1
False,True,1,False,False,0,0,False,0,False,False,False,False,0.16417596295516734,1
False,True,1,False,False,0,0,False,0,False,False,False,True,0.003578194064407493,4
False,True,0,False,False,1,1,True,0,False,False,False,True,0.350873500315723,2
False,False,0,False,False,0,0,False,0,False,False,False,False,0.0014733740265207324,5
False,False,1,False,False,0,0,False,0,False,False,True,False,0.011576510208377183,1
False,False,1,False,False,0,0,False,1,False,False,False,False,0.006103978109871606,1
False,False,1,False,False,0,0,False,0,False,False,False,True,0.16417596295516734,1
False,False,1,False,False,0,0,False,1,False,False,True,False,0.03641338665544096,3
False,True,0,False,False,0,0,False,1,False,False,False,True,0.350873500315723,1
False,True,1,True,False,0,0,False,0,False,False,False,True,0.16417596295516734,3
False,False,1,False,False,0,0,True,0,False,False,False,True,0.15091559671648075,1
False,False,1,False,False,0,0,False,0,False,False,False,True,0.16417596295516734,2
False,False,1,False,False,0,0,True,0,False,False,False,False,0.350873500315723,1
False,True,0,False,False,0,0,False,0,False,False,False,False,0.350873500315723,5
False,True,0,False,False,0,1,True,0,False,False,False,True,0.16417596295516734,4
False,True,1,False,False,0,0,True,0,False,False,True,True,0.029677962534203326,1
False,False,0,True,False,0,1,False,0,False,False,False,True,0.350873500315723,2
True,False,1,False,False,0,0,False,1,False,False,False,False,0.015154704272784677,1
False,False,0,False,False,0,0,False,0,False,False,False,False,0.003157230056830141,5
False,True,0,False,True,1,1,False,0,False,False,False,False,0.16417596295516734,4
False,True,1,False,True,0,0,False,0,False,False,False,True,0.350873500315723,1
False,False,0,True,False,0,1,False,0,True,False,False,False,0.350873500315723,4
False,True,1,False,False,0,0,False,1,False,False,False,False,0.01178699221216586,3
False,True,1,False,False,0,0,False,0,False,False,True,True,0.015154704272784677,1
False,False,1,True,False,0,0,False,1,False,False,False,True,0.15091559671648075,2
False,False,1,False,False,0,0,False,1,False,False,False,False,0.350873500315723,1
False,False,0,False,False,0,0,False,0,False,False,False,True,0.350873500315723,5
False,False,1,False,False,0,0,False,0,False,False,False,False,0.03641338665544096,1
False,False,1,True,False,0,0,False,0,False,False,False,True,0.15091559671648075,3
False,True,1,False,False,0,0,True,0,True,False,False,False,0.350873500315723,1
False,True,1,False,False,0,0,True,0,False,False,True,False,0.0545148389812671,1
False,True,1,False,False,0,0,True,0,False,False,False,True,0.01178699221216586,1
False,True,1,False,True,0,0,False,0,False,False,False,False,0.350873500315723,3
False,False,1,True,False,0,0,False,0,False,False,False,False,0.03641338665544096,2
False,False,1,False,True,0,0,False,1,False,False,False,True,0.16417596295516734,3
False,False,1,True,False,1,0,False,0,False,False,False,True,0.006103978109871606,1
False,True,1,False,True,0,0,False,0,False,False,False,True,0.350873500315723,3
False,True,0,False,False,1,0,True,0,False,False,False,True,0.16417596295516734,1
False,False,0,False,False,0,1,False,0,False,False,False,False,0.0014733740265207324,3
False,False,1,False,False,0,0,False,0,False,False,False,False,0.03641338665544096,1
False,False,1,True,False,0,0,False,0,False,False,False,True,0.350873500315723,1
False,False,1,False,False,0,0,False,0,False,False,True,False,0.16417596295516734,1
False,False,1,True,False,0,0,False,0,False,False,False,False,0.350873500315723,4
False,False,0,False,False,0,1,True,0,True,False,False,False,0.15091559671648075,4
False,True,1,False,False,0,0,True,1,False,False,True,True,0.16417596295516734,1
False,False,0,True,False,0,1,False,0,False,False,False,False,0.16417596295516734,4
False,False,0,False,False,0,1,True,0,False,False,False,False,0.009261208166701748,1
False,True,0,False,False,0,0,False,0,True,False,False,False,0.350873500315723,4
False,False,1,False,False,0,0,True,1,False,False,False,False,0.16417596295516734,5
False,True,0,False,False,0,0,False,1,False,False,False,True,0.350873500315723,1
False,False,1,False,False,0,0,False,0,False,False,True,True,0.007787834140181015,1
False,True,1,False,False,1,0,False,0,False,False,False,False,0.350873500315723,4
False,False,1,False,False,0,0,True,0,False,False,False,False,0.350873500315723,2
False,False,1,False,False,0,0,True,0,False,False,False,True,0.350873500315723,4
False,False,0,False,False,0,1,True,0,False,False,False,False,0.16417596295516734,1
False,False,0,False,False,0,0,False,0,False,False,False,False,0.0545148389812671,1
True,False,1,False,False,0,0,False,1,False,False,True,False,0.15091559671648075,1
False,False,1,False,False,0,0,False,0,True,False,False,False,0.15091559671648075,4
False,True,0,False,True,0,1,False,0,True,False,False,False,0.16417596295516734,4
False,True,0,False,False,0,1,False,0,False,False,False,False,0.007787834140181015,1
False,False,0,True,False,0,1,False,0,False,False,False,False,0.16417596295516734,4
False,False,0,True,False,0,1,False,0,False,False,False,True,0.16417596295516734,4
False,True,1,False,False,0,0,False,0,False,False,False,True,0.350873500315723,1
False,True,0,False,True,0,1,False,0,False,True,False,False,0.350873500315723,1
False,False,1,False,False,0,0,False,0,False,False,False,False,0.0004209640075773521,2
False,False,1,False,False,0,0,False,0,False,False,False,False,0.005262050094716902,1
False,False,0,False,False,0,1,False,0,False,False,False,False,0.350873500315723,4
False,False,1,False,False,1,0,True,0,False,False,False,False,0.15091559671648075,1
False,False,1,False,False,0,0,False,0,False,False,False,False,0.003578194064407493,4
False,True,1,False,False,0,0,False,0,False,False,False,False,0.350873500315723,1
False,True,0,False,False,0,1,False,1,False,False,True,True,0.350873500315723,4
False,False,0,False,False,0,1,True,0,True,False,False,False,0.350873500315723,4
False,False,0,True,False,0,0,False,0,False,False,False,False,0.350873500315723,1
False,True,1,False,True,0,0,False,1,False,False,False,False,0.350873500315723,0
False,False,1,False,False,0,0,False,0,False,False,False,False,0.003578194064407493,4
False,False,1,False,False,0,0,False,1,False,False,False,False,0.15091559671648075,1
False,True,1,False,False,0,0,True,0,False,False,False,False,0.350873500315723,1
False,True,0,False,False,0,0,False,1,False,False,False,False,0.350873500315723,1
False,False,1,False,False,1,0,False,0,False,False,False,False,0.006103978109871606,1
False,True,1,False,True,0,0,False,1,False,False,False,True,0.350873500315723,4
False,True,1,False,False,0,0,False,1,False,False,False,False,0.350873500315723,1
False,True,0,False,False,0,0,True,1,False,False,False,True,0.00484108608713955,1
False,True,1,False,False,1,0,True,0,False,False,False,False,0.15091559671648075,2
False,True,0,False,False,0,1,False,0,False,False,False,False,0.350873500315723,4
False,True,1,False,False,0,0,True,0,False,False,False,True,0.0545148389812671,1
False,False,1,False,False,0,0,False,0,False,False,False,False,0.007366870132603663,3
False,True,0,False,False,0,1,False,0,False,False,False,True,0.16417596295516734,2
False,True,1,False,False,0,0,False,0,False,False,False,False,0.350873500315723,1
False,False,1,False,False,0,0,False,0,False,False,False,False,0.007787834140181015,4
False,False,1,False,False,0,0,False,1,False,False,False,False,0.017470006314460114,1
False,True,1,False,False,0,0,False,0,True,False,False,False,0.350873500315723,1
False,False,1,False,False,0,0,True,0,True,False,False,False,0.012418438223531888,2
False,True,0,False,False,0,0,False,0,False,False,False,False,0.15091559671648075,5
False,False,0,False,False,0,1,True,0,False,False,False,True,0.16417596295516734,3
False,False,0,True,False,0,1,False,1,False,False,False,True,0.350873500315723,4
False,True,0,True,False,0,1,False,0,False,False,False,False,0.16417596295516734,1
False,True,0,False,False,0,1,True,1,False,False,False,True,0.16417596295516734,1
False,False,0,False,True,1,1,False,0,False,False,False,False,0.16417596295516734,4
False,True,1,True,False,1,0,False,0,True,False,False,False,0.350873500315723,2
False,False,1,False,False,0,0,False,0,False,False,False,False,0.017470006314460114,5
False,True,0,True,False,0,1,False,0,False,False,False,False,0.350873500315723,2
False,True,1,True,False,0,0,False,0,False,False,True,False,0.350873500315723,1
False,False,1,False,False,0,0,False,0,False,False,False,False,0.003367712060618817,1
True,True,1,True,False,0,0,False,0,False,False,False,True,0.350873500315723,1
False,False,1,False,False,0,0,True,1,False,False,False,True,0.0014733740265207324,1
False,False,0,False,False,0,1,True,0,False,False,False,False,0.350873500315723,2
False,False,1,False,False,1,0,False,0,False,False,False,False,0.350873500315723,3
False,False,0,False,False,0,1,False,0,False,False,False,False,0.0004209640075773521,1
False,True,1,False,True,0,0,False,0,False,False,False,False,0.16417596295516734,0
False,True,1,False,False,0,0,True,0,False,False,False,False,0.16417596295516734,1
False,False,1,False,True,0,0,False,0,False,False,False,True,0.0010524100189433804,2
True,False,1,False,False,0,0,False,0,False,False,True,False,0.01178699221216586,0
False,True,0,False,False,0,1,True,0,False,False,False,False,0.350873500315723,4
False,True,1,False,False,0,0,True,1,False,False,True,True,0.350873500315723,5
False,False,0,False,True,1,1,False,0,False,False,False,False,0.16417596295516734,4
False,False,0,False,True,0,1,False,0,False,False,False,False,0.16417596295516734,4
False,True,1,False,False,0,0,False,0,False,False,False,False,0.350873500315723,5
False,False,1,False,False,1,0,False,0,False,False,False,False,0.015154704272784677,1
False,False,0,True,False,0,1,False,0,True,False,False,False,0.350873500315723,3
False,True,1,False,False,0,0,False,0,False,False,False,False,0.350873500315723,1
False,True,1,True,False,1,0,False,0,False,False,False,True,0.0545148389812671,4
False,False,1,False,False,1,0,False,0,False,False,True,False,0.015154704272784677,5
False,False,1,False,False,0,0,False,1,False,False,False,True,0.15091559671648075,1
False,True,1,False,False,1,0,True,0,False,False,False,False,0.0545148389812671,4
False,True,0,True,False,0,1,False,1,False,False,False,False,0.16417596295516734,1
False,False,1,False,False,0,0,True,1,False,False,True,True,0.0012628920227320563,1
False,True,0,False,False,1,1,False,0,False,False,False,False,0.350873500315723,4
False,True,0,False,False,0,1,True,0,False,False,True,True,0.350873500315723,1
True,True,0,False,False,0,0,True,0,False,False,False,True,0.350873500315723,5
False,True,0,True,False,0,1,False,0,False,False,True,True,0.15091559671648075,1
False,False,1,False,False,0,0,False,0,False,False,False,False,0.15091559671648075,2
True,False,1,False,True,0,0,False,0,False,False,False,True,0.15091559671648075,1
False,True,1,False,False,1,0,False,0,False,False,False,False,0.350873500315723,5
False,True,0,True,False,0,1,False,0,True,False,False,False,0.350873500315723,4
True,True,1,False,False,0,0,True,0,False,False,False,False,0.350873500315723,3
False,True,1,True,False,0,0,False,0,False,False,False,True,0.16417596295516734,0
False,True,0,False,False,0,1,True,0,False,False,False,False,0.0025257840454641126,4
False,False,0,False,False,0,1,False,1,False,False,False,True,0.350873500315723,4
False,False,0,True,False,0,0,False,0,False,False,False,False,0.16417596295516734,5
False,True,0,False,False,0,1,True,0,False,False,False,False,0.011576510208377183,1
True,False,0,True,False,0,1,False,1,False,False,False,False,0.350873500315723,1
False,True,0,False,False,0,1,False,0,False,False,False,False,0.007787834140181015,2
False,False,1,True,False,0,0,False,0,False,False,False,True,0.002104820037886761,1
False,False,1,False,False,1,0,True,0,False,False,True,False,0.16417596295516734,3
False,True,0,True,False,0,0,False,0,False,False,False,True,0.350873500315723,5
False,False,0,False,False,0,0,False,0,False,False,False,False,0.0545148389812671,1
False,False,0,False,False,0,1,False,0,False,False,True,False,0.03641338665544096,1
False,False,1,False,False,1,0,False,0,False,False,False,False,0.350873500315723,3
False,False,1,False,False,0,0,False,0,False,False,False,False,0.029677962534203326,3
False,False,1,False,False,1,0,True,0,False,False,False,True,0.16417596295516734,2
False,True,1,True,False,0,0,False,1,False,False,False,False,0.15091559671648075,1
False,True,0,False,False,0,1,True,1,False,False,False,False,0.350873500315723,4
False,True,0,False,False,0,1,False,1,False,False,False,False,0.16417596295516734,4
False,True,1,False,False,0,0,False,0,False,False,False,True,0.350873500315723,1
False,False,0,False,False,0,1,False,0,False,False,False,False,0.350873500315723,2
False,False,0,False,False,0,1,False,0,False,False,True,False,0.0014733740265207324,1
False,False,1,False,False,0,0,False,0,False,False,True,False,0.16417596295516734,4
False,False,1,False,False,0,0,False,1,False,False,False,False,0.01178699221216586,1
False,False,1,False,True,0,0,False,0,False,False,False,True,0.16417596295516734,0
False,False,1,False,False,0,0,False,0,False,False,False,True,0.15091559671648075,3
False,False,1,False,False,0,0,False,1,False,False,False,False,0.03641338665544096,1
False,True,0,False,False,0,0,True,0,False,False,False,True,0.350873500315723,5
False,False,0,False,True,0,0,False,0,False,False,False,False,0.16417596295516734,1
False,False,1,False,True,0,0,False,1,False,False,False,True,0.16417596295516734,0
False,True,0,False,False,1,1,True,0,True,False,False,False,0.350873500315723,4
True,False,1,False,False,0,0,False,0,False,False,False,False,0.02252157440538834,4
True,True,0,False,False,1,1,True,0,False,False,False,True,0.029677962534203326,4
False,True,0,False,True,1,0,False,0,False,False,False,True,0.16417596295516734,5
True,False,1,False,False,0,0,True,0,True,False,False,False,0.16417596295516734,3
False,True,1,True,False,0,0,False,0,False,False,False,False,0.16417596295516734,1
False,True,0,False,False,1,1,True,0,False,False,False,False,0.350873500315723,3
False,False,1,False,False,1,0,False,0,False,False,False,True,0.15091559671648075,2
False,True,0,False,True,1,1,False,0,False,False,False,False,0.350873500315723,4
False,False,0,False,False,0,0,False,0,False,False,False,False,0.350873500315723,5
False,False,0,False,False,0,1,False,0,False,False,False,False,0.16417596295516734,0
False,True,0,True,False,1,1,False,0,False,False,True,True,0.350873500315723,1
False,False,0,False,False,0,0,False,1,False,False,False,False,0.15091559671648075,1
False,False,1,False,False,0,0,False,1,False,False,False,False,0.350873500315723,3
False,False,1,False,False,0,0,False,0,False,False,False,False,0.012418438223531888,4
True,True,0,False,False,0,1,True,0,False,False,False,False,0.0545148389812671,1
False,False,0,False,False,1,0,False,0,False,False,False,False,0.029677962534203326,1
False,False,1,True,False,0,0,False,0,False,False,False,False,0.350873500315723,3
False,False,1,True,False,0,0,False,0,False,False,False,False,0.350873500315723,4
False,True,0,False,False,0,1,False,0,False,False,False,True,0.16417596295516734,1
False,True,1,False,False,0,0,True,0,False,False,False,False,0.16417596295516734,0
False,True,1,False,False,0,0,False,1,False,False,False,False,0.350873500315723,1
True,True,0,False,False,1,1,True,0,False,False,True,False,0.16417596295516734,4
False,True,1,False,False,0,0,True,0,False,False,True,False,0.350873500315723,1
False,True,1,False,False,0,0,False,0,False,False,True,True,0.350873500315723,3
False,False,0,False,False,0,1,False,1,False,False,True,False,0.15091559671648075,4
False,False,1,False,False,0,0,False,0,False,False,True,False,0.03641338665544096,1
False,True,1,False,False,0,0,True,0,False,False,False,True,0.16417596295516734,1
False,False,0,False,False,0,1,False,0,False,True,True,False,0.01178699221216586,1
False,False,1,False,False,0,0,False,0,False,False,True,False,0.03641338665544096,5
False,True,1,False,False,0,0,True,1,False,False,False,True,0.16417596295516734,1
False,False,1,False,False,0,0,False,0,False,False,True,False,0.0025257840454641126,2
False,True,1,False,False,0,0,False,0,False,False,True,True,0.0545148389812671,1
False,False,1,False,False,0,0,True,0,False,False,False,True,0.00484108608713955,4
False,True,0,True,False,0,0,False,0,False,False,False,False,0.16417596295516734,4
False,False,1,False,False,0,0,False,0,True,False,False,False,0.00021048200378867606,3
False,False,1,False,False,1,0,False,0,False,False,False,False,0.0010524100189433804,1
False,False,0,False,False,0,1,False,0,False,False,True,False,0.03641338665544096,1
False,False,1,True,False,0,0,False,0,False,False,False,False,0.012418438223531888,3
False,False,1,False,False,0,0,False,0,False,False,False,False,0.16417596295516734,4
False,False,1,False,False,1,0,True,0,False,False,True,False,0.350873500315723,1
False,False,1,False,False,0,0,False,1,False,False,False,True,0.16417596295516734,2
False,True,0,False,False,1,1,True,0,False,False,False,False,0.350873500315723,3
False,True,0,False,False,1,0,False,0,False,False,False,True,0.16417596295516734,5
False,True,0,False,False,0,0,False,0,False,False,False,True,0.15091559671648075,3
False,False,0,False,False,0,1,False,1,False,False,False,True,0.350873500315723,3
False,True,1,False,False,0,0,True,0,False,False,False,True,0.350873500315723,4
False,False,1,False,False,0,0,False,1,False,False,False,False,0.350873500315723,1
False,True,0,False,False,0,1,True,0,False,False,False,True,0.16417596295516734,1
False,False,0,False,False,0,1,False,0,False,False,True,False,0.03641338665544096,1
False,True,0,False,False,0,1,False,1,True,False,True,False,0.350873500315723,4
False,False,1,True,False,0,0,False,1,False,False,False,False,0.15091559671648075,5
False,False,1,False,True,0,0,False,0,False,False,False,True,0.15091559671648075,2
False,True,1,False,False,0,0,True,0,True,False,False,False,0.16417596295516734,3
False,False,0,False,False,0,1,False,0,False,False,False,True,0.15091559671648075,3
False,False,0,False,True,0,1,False,0,False,False,False,False,0.16417596295516734,4
False,True,1,True,False,0,0,False,0,False,False,False,False,0.350873500315723,4
True,True,0,False,False,0,0,True,1,False,False,True,True,0.350873500315723,1
False,True,0,False,False,1,0,True,0,False,False,False,True,0.350873500315723,1
False,True,1,False,False,0,0,False,0,False,False,True,False,0.011576510208377183,1
False,False,1,True,False,0,0,False,1,True,False,False,False,0.006314460113660282,1
False,True,1,False,True,0,0,False,0,False,False,False,False,0.350873500315723,3
False,False,0,False,False,0,1,True,0,False,False,True,True,0.350873500315723,1
False,True,0,False,False,1,1,True,0,False,False,True,False,0.01178699221216586,1
True,False,0,False,False,0,0,False,0,False,False,True,False,0.03641338665544096,1
False,False,1,False,False,0,0,True,0,True,False,False,False,0.350873500315723,4
False,True,0,False,False,0,1,True,1,True,False,True,False,0.01178699221216586,1
False,False,1,True,False,0,0,False,0,True,False,False,False,0.350873500315723,3
False,False,1,False,True,1,0,False,0,False,False,False,False,0.15091559671648075,2
False,True,0,True,False,0,0,False,0,True,False,False,False,0.16417596295516734,4
False,False,1,False,True,0,0,False,0,False,False,False,False,0.004420122079562197,1
False,False,0,False,False,0,0,False,1,False,False,False,True,0.350873500315723,1
False,False,1,False,True,0,0,False,1,False,False,False,False,0.15091559671648075,5
False,False,0,False,False,0,0,False,0,False,False,False,False,0.15091559671648075,3
False,True,1,False,False,0,0,True,0,False,False,False,False,0.0545148389812671,1
False,False,0,True,False,0,1,False,0,False,False,False,False,0.350873500315723,4
False,False,1,False,False,0,0,True,0,False,False,False,True,0.02252157440538834,1
False,True,0,False,False,0,0,False,0,True,False,False,False,0.0545148389812671,4
False,True,1,False,False,0,0,True,0,False,False,False,False,0.15091559671648075,3
False,False,1,False,False,1,0,True,0,False,False,True,False,0.350873500315723,4
False,True,0,False,False,1,1,False,0,False,False,True,False,0.0545148389812671,1
False,True,0,False,False,0,1,True,0,False,False,False,False,0.350873500315723,4
False,True,1,True,False,0,0,False,0,False,False,False,False,0.0010524100189433804,2
True,True,1,False,False,0,0,True,0,False,False,True,True,0.0008419280151547042,5
False,True,1,False,False,0,0,False,0,False,False,False,False,0.15091559671648075,1
True,True,0,False,False,0,0,False,0,False,False,False,False,0.350873500315723,1
False,True,1,False,False,0,0,True,0,False,False,False,False,0.350873500315723,4
False,True,1,False,True,0,0,False,0,False,False,False,True,0.350873500315723,2
True,False,0,True,False,1,0,False,0,True,False,False,False,0.16417596295516734,5
False,False,1,False,False,1,0,True,0,False,False,False,True,0.0545148389812671,4
False,True,1,True,False,0,0,False,0,False,False,True,False,0.16417596295516734,1
False,True,0,False,False,0,0,True,0,False,False,False,True,0.350873500315723,5
False,True,1,False,False,0,0,True,0,False,False,True,True,0.16417596295516734,1
False,False,1,False,False,0,0,False,0,False,False,True,False,0.011576510208377183,1
False,True,0,False,True,0,0,False,0,False,False,False,False,0.15091559671648075,1
False,False,1,False,True,0,0,False,0,False,False,False,True,0.16417596295516734,0
False,False,0,False,False,0,1,True,0,False,False,False,False,0.15091559671648075,4
False,True,1,True,False,0,0,False,1,False,False,True,True,0.350873500315723,1
False,False,1,False,False,0,0,True,1,False,False,True,False,0.350873500315723,1
False,True,1,True,False,0,0,False,0,True,False,False,False,0.350873500315723,4
False,False,1,False,False,0,0,False,1,False,False,True,False,0.15091559671648075,5
False,False,1,False,False,0,0,False,0,False,False,False,False,0.017470006314460114,1
False,True,1,True,False,0,0,False,1,True,False,False,False,0.350873500315723,1
True,False,0,False,False,1,1,False,0,False,False,False,False,0.350873500315723,1
False,False,1,False,True,0,0,False,1,False,False,False,False,0.03641338665544096,1
False,True,1,False,False,0,0,True,0,False,False,True,True,0.350873500315723,1
False,False,1,False,False,0,0,True,1,True,True,True,False,0.350873500315723,0
False,False,0,True,False,0,0,False,0,False,False,False,False,0.350873500315723,4
False,False,1,True,False,0,0,False,0,False,False,False,True,0.350873500315723,1
False,False,1,False,True,0,0,False,0,False,False,False,False,0.16417596295516734,1
False,False,1,True,False,0,0,False,1,False,False,False,False,0.15091559671648075,5
False,True,1,False,False,1,0,True,0,False,False,False,True,0.012418438223531888,3
False,True,1,False,False,0,0,True,0,False,False,False,False,0.006103978109871606,1
False,True,0,False,False,1,1,False,0,False,False,True,True,0.02252157440538834,4
False,True,0,True,False,0,0,False,0,False,False,False,True,0.350873500315723,4
False,True,0,False,False,0,1,False,0,False,False,False,True,0.350873500315723,1
False,False,0,False,False,0,1,False,0,False,False,False,False,0.350873500315723,3
False,False,1,True,False,0,0,False,0,False,False,False,True,0.350873500315723,4
False,False,0,True,False,0,1,False,0,True,False,False,False,0.029677962534203326,1
False,True,0,False,False,0,1,False,0,False,False,False,False,0.350873500315723,2
False,False,1,False,False,0,0,False,1,False,False,False,False,0.350873500315723,1
False,True,1,False,False,0,0,True,0,False,False,False,False,0.15091559671648075,3
False,False,1,True,False,0,0,False,0,True,False,False,False,0.350873500315723,3
False,False,1,False,False,0,0,False,1,False,False,True,True,0.01178699221216586,1
False,False,1,False,False,1,0,False,0,False,False,False,False,0.006103978109871606,1
False,False,1,False,False,0,0,False,0,False,False,False,False,0.02252157440538834,2
False,True,0,False,False,1,0,False,0,False,False,False,True,0.350873500315723,5
False,False,0,False,False,0,1,False,0,False,False,False,False,0.16417596295516734,1
False,False,0,False,False,0,1,False,0,False,False,True,False,0.03641338665544096,1
False,False,1,False,False,1,0,True,0,False,False,False,True,0.15091559671648075,1
True,True,0,False,False,0,0,False,0,False,False,True,False,0.350873500315723,1
False,True,0,False,False,0,1,True,0,False,False,True,True,0.011576510208377183,4
False,False,0,True,False,0,1,False,0,False,False,False,False,0.350873500315723,4
False,False,0,False,False,1,1,True,0,True,False,False,False,0.350873500315723,1
False,True,0,False,False,0,1,False,0,False,False,False,True,0.0545148389812671,4
False,True,0,True,False,0,1,False,1,False,False,False,True,0.350873500315723,3
False,False,0,True,False,0,1,False,0,False,False,False,True,0.16417596295516734,1
False,False,0,False,False,0,1,False,0,False,False,True,False,0.029677962534203326,4
False,False,0,False,False,0,1,False,0,False,False,False,False,0.017470006314460114,0
False,False,1,False,False,0,0,False,0,False,False,False,False,0.005262050094716902,1
False,True,0,True,False,0,0,False,0,False,False,False,False,0.16417596295516734,1
False,False,1,False,False,1,0,False,0,False,False,False,False,0.015154704272784677,1
False,True,0,False,True,0,1,False,0,False,False,False,True,0.16417596295516734,4
False,True,0,False,False,0,1,True,0,False,False,False,False,0.350873500315723,1
False,True,1,True,False,0,0,False,0,False,False,False,True,0.15091559671648075,2
False,False,0,False,False,0,1,False,1,False,False,False,False,0.015154704272784677,1
False,True,0,False,False,0,1,False,0,False,False,False,False,0.0545148389812671,1
False,False,0,False,False,0,1,False,1,False,False,False,False,0.007366870132603663,1
False,True,0,False,False,1,1,True,0,False,False,False,True,0.01178699221216586,2
False,True,1,True,False,1,0,False,0,False,False,False,False,0.350873500315723,1
False,False,0,False,False,0,1,False,0,False,False,False,True,0.350873500315723,4
False,False,1,False,False,0,0,True,0,False,False,False,True,0.0545148389812671,2
False,True,0,False,False,0,0,False,0,False,False,False,False,0.006314460113660282,1
True,True,1,True,False,0,0,False,1,True,False,False,False,0.350873500315723,2
False,True,1,False,False,0,0,False,0,False,False,False,True,0.003367712060618817,4
False,False,1,False,True,0,0,False,0,False,False,False,False,0.15091559671648075,1
False,True,1,False,False,1,0,True,0,False,False,True,True,0.350873500315723,1
False,False,1,False,False,0,0,False,0,False,False,False,False,0.350873500315723,1
False,True,1,True,False,0,0,False,1,False,False,False,True,0.350873500315723,1
False,False,0,False,True,1,0,False,0,False,False,False,True,0.350873500315723,5
True,True,1,True,False,0,0,False,0,False,False,False,True,0.16417596295516734,1
False,True,0,True,False,0,0,False,0,False,False,False,True,0.350873500315723,5
False,False,0,False,False,0,0,False,0,False,False,False,False,0.00484108608713955,1
False,False,0,True,False,1,0,False,0,False,False,False,False,0.350873500315723,2
False,False,0,False,False,0,1,False,0,False,False,False,True,0.15091559671648075,4
False,False,1,False,False,0,0,False,0,False,False,False,True,0.15091559671648075,1
False,True,0,False,False,0,0,True,0,True,True,True,False,0.01178699221216586,5
False,False,0,False,True,1,1,False,0,False,False,False,False,0.350873500315723,1
False,True,1,False,False,0,0,True,1,False,False,False,True,0.350873500315723,1
False,True,0,False,True,0,1,False,1,False,False,False,False,0.16417596295516734,1
False,False,0,False,True,0,1,False,1,False,False,False,False,0.16417596295516734,3
False,False,1,True,False,0,0,False,1,False,False,False,True,0.15091559671648075,2
True,True,1,False,False,1,0,False,0,False,False,False,False,0.350873500315723,1
False,False,1,True,False,0,0,False,0,True,False,False,False,0.350873500315723,0
False,True,1,False,True,0,0,False,0,False,False,False,True,0.16417596295516734,1
False,True,1,False,False,0,0,True,1,False,False,False,True,0.16417596295516734,1
False,True,1,False,False,0,0,True,0,False,False,False,True,0.029677962534203326,1
False,False,0,True,False,0,1,False,0,False,False,False,False,0.16417596295516734,2
False,False,1,False,True,1,0,False,0,False,False,False,True,0.003788676068196169,2
False,False,1,False,False,0,0,False,1,False,False,False,True,0.15091559671648075,2
False,True,0,False,True,0,1,False,0,False,False,False,True,0.16417596295516734,1
False,False,1,True,False,0,0,False,0,False,False,False,True,0.15091559671648075,4
False,True,1,False,False,0,0,True,1,False,False,False,True,0.350873500315723,1
False,False,0,False,False,1,1,False,0,False,False,True,False,0.029677962534203326,4
False,True,1,False,False,0,0,False,0,False,False,False,True,0.0545148389812671,5
False,False,1,False,True,0,0,False,0,False,False,False,True,0.16417596295516734,5
False,True,0,False,False,0,1,True,0,False,False,False,False,0.02252157440538834,1
False,False,1,True,False,0,0,False,0,False,False,False,True,0.15091559671648075,4
False,True,0,False,False,0,1,True,1,True,False,False,False,0.16417596295516734,2
False,False,1,False,False,0,0,True,0,False,False,False,False,0.350873500315723,4
False,False,0,True,False,0,1,False,0,False,False,False,True,0.15091559671648075,3
False,False,1,False,False,0,0,False,0,False,False,False,False,0.350873500315723,4
False,True,0,True,False,0,0,False,0,False,False,False,False,0.012418438223531888,5
False,True,1,False,False,0,0,True,0,False,False,False,True,0.350873500315723,1
False,False,0,False,False,0,1,False,0,False,False,False,False,0.005262050094716902,4
False,False,0,False,False,0,1,False,0,False,False,False,False,0.03641338665544096,1
False,False,0,True,False,0,0,False,0,False,False,False,False,0.16417596295516734,4
False,False,1,False,False,0,0,True,1,False,False,True,True,0.350873500315723,1
False,False,0,False,True,0,0,False,0,False,False,False,True,0.350873500315723,5
False,True,0,False,False,0,0,True,0,True,False,True,False,0.350873500315723,4
False,False,0,True,False,0,1,False,0,False,False,False,False,0.15091559671648075,4
False,False,1,False,False,0,0,False,0,False,False,False,False,0.02252157440538834,1
False,False,0,False,True,0,0,False,0,False,False,False,False,0.16417596295516734,4
False,False,1,True,False,0,0,False,0,False,False,False,True,0.350873500315723,2
False,True,0,False,False,1,0,False,0,False,False,False,False,0.350873500315723,4
False,True,1,False,False,0,0,True,0,False,False,False,True,0.009261208166701748,1
True,True,1,False,False,0,0,False,1,False,False,False,True,0.350873500315723,1
False,False,0,False,False,0,1,True,0,False,False,False,True,0.350873500315723,4
False,False,0,False,True,1,0,False,0,False,False,False,True,0.350873500315723,5
False,True,1,False,False,0,0,True,0,False,False,False,False,0.011576510208377183,1
False,True,0,True,False,1,0,False,0,False,False,False,True,0.350873500315723,5
False,False,1,True,False,0,0,False,0,False,False,False,True,0.16417596295516734,3
False,True,0,False,False,0,1,False,1,False,False,True,True,0.350873500315723,1
False,False,1,False,False,0,0,False,0,False,False,True,False,0.15091559671648075,5
False,False,0,True,False,0,1,False,0,True,False,False,False,0.350873500315723,4
True,False,0,False,False,0,1,False,0,False,False,True,False,0.15091559671648075,4
True,True,0,False,True,0,1,False,0,False,False,False,True,0.350873500315723,1
False,True,0,False,False,0,1,True,0,False,False,True,False,0.007787834140181015,4
False,False,0,False,False,0,0,False,0,False,False,False,False,0.03641338665544096,0
False,False,1,False,False,0,0,False,0,False,False,False,False,0.16417596295516734,0
False,True,1,False,False,0,0,True,0,False,False,True,True,0.350873500315723,1
False,False,1,False,False,0,0,False,0,False,False,False,True,0.15091559671648075,5
False,False,0,True,False,0,1,False,0,True,False,False,False,0.16417596295516734,2
False,False,1,False,False,1,0,False,0,False,False,False,True,0.15091559671648075,1
False,True,0,False,False,0,1,False,0,False,False,False,False,0.350873500315723,2
False,False,1,False,False,1,0,False,0,False,False,False,False,0.16417596295516734,1
True,False,0,False,False,0,0,False,0,False,False,True,False,0.03641338665544096,1
False,False,0,False,False,0,1,False,0,False,False,False,False,0.029677962534203326,1
False,False,0,True,False,0,0,False,0,False,False,False,True,0.350873500315723,4
False,True,0,True,False,0,1,False,0,True,False,False,False,0.350873500315723,3
False,False,1,True,False,0,0,False,1,False,False,False,False,0.350873500315723,1
True,False,1,False,False,0,0,False,0,False,False,True,True,0.15091559671648075,0
False,True,1,False,True,0,0,False,1,False,False,False,False,0.15091559671648075,2
False,True,1,False,False,0,0,True,0,False,False,False,False,0.350873500315723,1
False,False,1,True,False,0,0,False,1,False,False,False,True,0.16417596295516734,0
False,False,0,True,False,0,1,False,0,False,False,False,False,0.16417596295516734,1
True,False,0,False,False,0,0,False,0,False,False,True,False,0.03641338665544096,1
False,True,0,False,False,1,0,False,0,False,False,False,False,0.350873500315723,3
False,True,1,False,False,1,0,True,0,False,False,True,False,0.350873500315723,5
False,False,1,False,False,0,0,False,1,False,False,False,False,0.015154704272784677,1
False,True,1,False,False,0,0,True,0,False,False,False,False,0.350873500315723,1
False,False,1,False,False,0,0,False,0,False,False,False,False,0.017470006314460114,1
False,True,1,False,False,0,0,False,0,False,False,False,False,0.350873500315723,3
False,True,1,True,False,0,0,False,1,False,False,False,True,0.0008419280151547042,1
True,True,1,False,False,0,0,False,1,False,False,False,False,0.003788676068196169,1
False,True,0,True,False,0,1,False,0,False,False,False,True,0.350873500315723,4
True,False,1,False,False,0,0,False,0,False,False,False,False,0.002104820037886761,1
False,False,0,False,False,0,1,False,0,False,False,False,False,0.350873500315723,1
False,True,1,False,True,0,0,False,0,True,False,False,False,0.009261208166701748,1
False,False,0,False,True,0,1,False,0,False,False,False,True,0.16417596295516734,1
False,True,0,False,False,0,0,False,1,False,False,False,False,0.350873500315723,1
False,True,1,False,False,0,0,True,0,False,False,False,False,0.350873500315723,1
False,False,0,False,False,0,1,False,0,False,False,True,False,0.0010524100189433804,4
True,False,0,False,True,0,1,False,1,False,False,False,True,0.350873500315723,4
False,False,0,False,False,0,1,False,0,False,False,False,False,0.350873500315723,4
False,True,0,False,False,0,1,False,0,False,False,False,False,0.007787834140181015,1
False,False,1,False,False,1,0,True,0,False,False,False,True,0.15091559671648075,2
False,False,0,False,False,0,0,False,0,False,False,True,False,0.015154704272784677,0
False,True,1,False,False,0,0,True,0,False,False,True,False,0.350873500315723,1
False,False,0,False,False,0,1,False,0,False,False,False,False,0.350873500315723,0
False,False,1,False,False,0,0,False,0,False,False,False,False,0.0545148389812671,5
False,False,1,False,False,0,0,False,1,False,False,False,False,0.350873500315723,0
False,True,1,False,False,0,0,False,0,False,False,False,True,0.350873500315723,1
False,True,0,False,False,0,0,True,0,False,False,False,True,0.350873500315723,3
False,True,0,False,False,0,0,False,0,False,False,False,True,0.15091559671648075,1
False,False,1,False,False,0,0,False,0,False,False,False,False,0.017470006314460114,1
False,True,0,True,False,0,0,False,0,False,False,False,True,0.16417596295516734,4
False,True,1,True,False,0,0,False,0,False,False,False,False,0.16417596295516734,1
False,False,1,True,False,0,0,False,0,False,False,False,True,0.16417596295516734,1
False,False,0,False,False,0,1,False,1,False,False,False,False,0.03641338665544096,1
False,True,0,False,False,1,1,False,0,False,False,False,False,0.350873500315723,1
False,False,1,True,False,0,0,False,0,False,False,False,False,0.003788676068196169,0
False,False,1,False,False,0,0,False,0,False,False,False,False,0.350873500315723,1
False,False,1,False,False,0,0,False,0,False,False,True,False,0.029677962534203326,2
False,False,0,True,False,0,0,False,0,True,False,False,False,0.350873500315723,4
False,True,1,True,False,0,0,False,0,False,False,False,False,0.15091559671648075,3
False,False,0,False,False,0,0,False,0,False,False,False,False,0.350873500315723,1
False,True,1,False,False,0,0,False,0,False,False,False,False,0.350873500315723,4
False,True,0,True,False,0,1,False,0,False,False,False,True,0.15091559671648075,1
False,False,0,True,False,0,1,False,0,False,False,False,False,0.16417596295516734,4
False,True,1,False,False,0,0,False,0,True,False,False,False,0.0545148389812671,2
False,False,1,False,False,0,0,False,0,False,False,True,False,0.03641338665544096,1
False,False,1,False,False,0,0,True,1,False,False,False,False,0.350873500315723,4
False,False,1,False,False,0,0,False,0,False,False,False,False,0.007787834140181015,1
False,False,1,False,False,1,0,False,0,False,False,False,False,0.015154704272784677,1
False,False,0,False,False,0,0,True,0,False,False,True,False,0.15091559671648075,5
False,True,0,False,False,0,1,True,0,False,False,False,False,0.350873500315723,1
False,True,1,False,False,0,0,True,0,False,False,True,True,0.350873500315723,2
False,False,1,False,False,0,0,False,0,False,False,False,False,0.350873500315723,4
False,True,1,False,True,0,0,False,0,False,False,False,False,0.0008419280151547042,0
False,True,1,True,False,0,0,False,0,False,False,False,True,0.004420122079562197,1
False,False,0,False,False,0,1,False,0,True,False,False,False,0.16417596295516734,1
False,True,1,True,False,0,0,False,0,False,False,False,True,0.02252157440538834,2
False,True,0,False,False,0,1,False,0,True,False,False,False,0.350873500315723,1
True,False,0,False,False,0,1,False,1,False,False,False,False,0.017470006314460114,0
False,False,1,False,False,0,0,True,1,False,False,True,False,0.350873500315723,3
False,False,1,False,True,0,0,False,0,False,False,False,True,0.005262050094716902,1
False,True,0,False,True,0,0,False,1,False,False,False,False,0.16417596295516734,4
False,True,1,True,False,0,0,False,1,True,False,False,False,0.350873500315723,4
False,True,0,False,False,0,1,True,0,False,False,False,True,0.003578194064407493,4
False,True,1,False,False,0,0,True,0,False,False,False,False,0.02252157440538834,2
False,True,0,True,False,0,1,False,0,True,False,False,False,0.16417596295516734,4
False,False,1,False,False,0,0,False,0,False,False,False,True,0.15091559671648075,1
False,False,0,False,False,0,1,True,0,False,False,True,True,0.350873500315723,4
False,False,0,False,False,0,1,False,1,False,False,False,False,0.350873500315723,3
False,True,1,True,False,1,0,False,0,False,False,False,False,0.16417596295516734,1
False,True,1,False,True,0,0,False,1,False,False,False,False,0.15091559671648075,1
False,False,0,False,False,0,0,False,0,False,False,False,False,0.0004209640075773521,1
False,True,0,False,True,0,1,False,0,False,False,False,False,0.0545148389812671,4
False,True,1,True,False,0,0,False,1,False,False,False,True,0.15091559671648075,3
False,False,1,False,False,1,0,False,0,False,False,False,False,0.15091559671648075,5
False,True,0,False,False,1,0,False,0,False,False,False,True,0.350873500315723,1
False,True,1,False,False,0,0,True,0,False,False,True,True,0.16417596295516734,2
False,True,1,False,False,0,0,False,1,False,False,False,True,0.16417596295516734,0
False,False,0,False,True,1,1,False,0,False,False,False,True,0.350873500315723,1
False,True,0,False,True,0,1,False,1,False,False,False,True,0.0014733740265207324,1
False,True,0,False,False,1,0,False,0,False,False,False,False,0.16417596295516734,4
False,True,0,False,False,1,0,False,0,False,False,False,True,0.350873500315723,5
False,False,1,False,False,0,0,True,0,False,False,False,True,0.350873500315723,3
False,True,0,True,False,0,1,False,0,False,False,False,True,0.15091559671648075,1
False,True,1,False,False,0,0,False,1,False,False,True,True,0.006103978109871606,4
False,True,0,False,True,0,0,False,0,False,False,False,True,0.350873500315723,4
False,True,0,False,False,0,0,True,0,False,False,True,True,0.15091559671648075,5
False,True,1,False,False,0,0,True,1,False,False,False,True,0.012418438223531888,2
False,True,1,False,False,0,0,True,1,False,False,False,True,0.350873500315723,2
False,True,1,False,False,0,0,True,0,False,False,True,True,0.002946748053041465,1
False,True,0,False,False,1,0,False,0,False,False,False,False,0.350873500315723,3
False,True,0,False,False,1,0,True,0,False,False,False,False,0.16417596295516734,4
False,False,1,False,False,0,0,False,0,False,False,False,False,0.029677962534203326,5
True,True,1,False,False,0,0,True,0,False,False,False,False,0.007787834140181015,1
False,True,1,False,False,0,0,False,0,False,False,True,True,0.350873500315723,1
False,False,1,False,False,1,0,True,0,False,False,False,True,0.15091559671648075,2
False,True,0,False,False,0,1,False,0,True,False,False,False,0.350873500315723,1
False,True,1,False,False,0,0,True,0,False,False,False,False,0.15091559671648075,0
False,False,0,True,False,0,0,False,1,False,False,False,True,0.350873500315723,5
False,True,0,True,False,0,1,False,0,False,False,False,True,0.350873500315723,3
False,False,0,False,False,0,1,True,0,True,False,False,False,0.0004209640075773521,0
False,True,0,False,False,1,0,True,0,False,False,False,False,0.16417596295516734,0
False,False,0,False,False,0,1,True,0,True,False,False,False,0.16417596295516734,1
False,False,0,True,False,0,1,False,0,False,False,False,True,0.15091559671648075,4
False,False,1,True,False,0,0,False,0,False,False,False,True,0.350873500315723,3
False,False,0,False,False,0,1,False,0,False,False,False,False,0.0014733740265207324,4
False,False,1,False,False,0,0,False,0,False,False,False,False,0.0545148389812671,5
True,False,0,False,False,0,1,False,0,False,False,False,False,0.015154704272784677,0
False,False,1,False,False,0,0,False,1,False,False,False,False,0.15091559671648075,5
True,False,1,False,False,0,0,False,1,False,False,False,False,0.015154704272784677,1
False,False,0,False,False,1,1,False,0,False,False,False,False,0.350873500315723,4
False,True,0,False,True,0,1,False,0,False,False,False,True,0.350873500315723,4
False,False,0,False,True,0,1,False,0,False,False,False,False,0.16417596295516734,4
False,True,0,False,False,0,1,False,0,True,False,False,False,0.0545148389812671,1
False,True,1,False,False,0,0,False,0,True,False,False,False,0.350873500315723,4
False,False,0,False,False,1,1,True,0,True,False,False,False,0.02252157440538834,1
False,True,0,False,False,1,0,False,0,False,False,False,True,0.16417596295516734,4
False,True,1,False,False,0,0,True,0,False,False,False,True,0.350873500315723,1
False,False,1,False,False,1,0,False,0,False,False,False,False,0.350873500315723,1
False,False,1,False,False,0,0,False,0,False,False,False,True,0.350873500315723,1
False,False,1,True,False,0,0,False,1,False,False,False,True,0.350873500315723,1
False,True,1,False,False,0,0,True,0,False,False,False,False,0.15091559671648075,0
False,False,1,False,False,0,0,False,1,False,False,False,False,0.350873500315723,1
False,False,0,False,False,0,0,False,0,False,False,False,False,0.16417596295516734,3
False,False,1,False,False,0,0,False,0,False,False,False,False,0.029677962534203326,4
False,False,0,False,False,0,1,False,0,False,False,False,False,0.029677962534203326,4
False,True,0,False,False,0,1,False,1,False,False,False,True,0.350873500315723,4
False,False,0,True,False,0,1,False,0,True,False,False,False,0.350873500315723,4
False,True,1,False,False,0,0,True,0,False,False,False,True,0.15091559671648075,5
False,False,1,False,False,1,0,False,0,False,False,True,False,0.007366870132603663,3
False,True,0,False,True,0,1,False,1,True,False,False,False,0.350873500315723,4
False,True,1,True,False,0,0,False,0,False,False,False,True,0.16417596295516734,3
False,True,1,True,False,0,0,False,0,False,False,False,False,0.350873500315723,3
False,False,1,False,False,0,0,False,0,False,False,False,False,0.017470006314460114,1
False,False,0,False,False,0,1,False,0,False,False,False,False,0.350873500315723,4
False,True,0,True,False,0,0,False,0,False,False,False,True,0.350873500315723,5
False,False,0,False,False,1,1,False,0,False,False,False,True,0.350873500315723,4
False,False,1,False,False,0,0,True,0,False,False,False,True,0.350873500315723,1
False,False,0,False,False,0,1,False,0,False,False,False,False,0.029677962534203326,1
False,True,1,False,False,0,0,False,0,False,False,False,True,0.350873500315723,2
False,False,0,False,False,0,0,False,0,False,False,False,False,0.0018943380340980846,1
False,False,0,False,False,0,1,False,0,False,False,False,False,0.0018943380340980846,4
False,True,0,False,False,0,0,True,0,False,False,False,False,0.16417596295516734,4
False,True,1,False,True,0,0,False,0,False,False,False,True,0.015154704272784677,5
False,False,1,False,True,0,0,False,0,False,False,False,False,0.350873500315723,3
False,False,1,True,False,0,0,False,0,False,False,False,True,0.350873500315723,3
False,False,0,False,False,0,1,False,0,False,False,False,True,0.0025257840454641126,4
False,False,1,False,False,1,0,False,0,False,False,False,False,0.003367712060618817,1
False,False,0,False,True,0,1,False,0,True,False,False,False,0.16417596295516734,3
False,False,0,False,False,0,0,True,0,True,False,True,False,0.15091559671648075,1
False,False,0,True,False,0,1,False,0,False,False,False,True,0.16417596295516734,4
False,True,0,False,False,0,0,True,0,False,False,False,True,0.350873500315723,5
False,True,0,True,False,0,1,False,0,False,False,False,False,0.0010524100189433804,4
False,True,1,False,True,0,0,False,0,False,False,False,True,0.005262050094716902,0
False,False,1,False,True,0,0,False,0,False,False,False,True,0.16417596295516734,1
False,True,0,False,False,0,0,True,0,False,False,True,True,0.0545148389812671,1
False,False,1,False,False,0,0,False,0,False,False,False,False,0.017470006314460114,1
False,False,0,False,True,0,0,False,0,False,False,False,True,0.350873500315723,2
False,True,1,False,False,0,0,True,0,False,False,False,True,0.350873500315723,1
False,False,1,True,False,0,0,False,0,False,False,False,True,0.02252157440538834,0
True,True,0,False,False,1,1,True,0,False,False,True,True,0.16417596295516734,1
False,False,0,True,False,0,0,False,0,False,False,False,True,0.16417596295516734,1
False,True,1,False,False,0,0,True,0,False,False,False,False,0.15091559671648075,2
False,True,1,False,False,0,0,True,1,False,False,True,False,0.15091559671648075,1
False,True,1,False,False,0,0,True,0,False,False,False,False,0.15091559671648075,1
False,False,0,False,False,0,1,False,0,False,False,False,False,0.0004209640075773521,1
False,True,0,True,False,0,1,False,0,False,False,False,True,0.00484108608713955,1
False,False,1,True,False,0,0,False,0,False,False,False,True,0.350873500315723,4
False,True,0,False,True,0,1,False,0,False,False,False,True,0.16417596295516734,1
False,False,0,True,False,0,0,False,1,False,False,False,True,0.350873500315723,4
False,False,0,True,False,1,1,False,0,False,False,False,False,0.029677962534203326,2
False,True,1,True,False,0,0,False,0,False,False,False,False,0.029677962534203326,3
False,True,1,False,False,0,0,True,0,False,False,True,False,0.350873500315723,1
False,True,1,False,False,1,0,True,0,False,False,False,False,0.350873500315723,1
False,True,1,False,False,1,0,False,0,False,False,False,False,0.16417596295516734,4
False,False,1,False,False,0,0,False,0,False,False,False,False,0.03641338665544096,1
False,True,1,False,False,0,0,False,1,False,False,False,True,0.350873500315723,1
False,True,1,False,False,0,0,True,1,False,False,False,False,0.16417596295516734,0
False,False,1,False,False,0,0,True,0,True,False,False,False,0.003367712060618817,4
False,False,1,False,False,0,0,False,1,False,False,False,False,0.03641338665544096,5
False,True,1,False,False,1,0,False,0,False,False,False,True,0.16417596295516734,1
False,False,1,True,False,0,0,False,0,True,False,False,False,0.15091559671648075,1
False,True,1,True,False,0,0,False,0,False,False,False,False,0.350873500315723,1
True,False,1,False,False,0,0,False,0,False,False,False,False,0.03641338665544096,1
False,False,1,False,False,0,0,False,0,False,False,False,True,0.15091559671648075,1
False,False,0,False,False,0,1,False,0,False,False,False,False,0.03641338665544096,1
False,True,1,False,False,0,0,True,0,False,False,False,False,0.350873500315723,1
False,False,1,False,False,0,0,False,0,False,False,False,False,0.0010524100189433804,5
False,True,0,False,False,0,0,False,0,False,False,False,False,0.0545148389812671,5
False,False,1,False,True,0,0,False,0,False,False,False,True,0.16417596295516734,2
False,False,0,False,False,0,1,False,0,False,False,False,False,0.15091559671648075,4
False,True,1,True,False,0,0,False,0,False,False,False,True,0.350873500315723,1
False,True,1,False,False,0,0,False,1,False,False,False,False,0.003578194064407493,1
False,True,1,True,False,0,0,False,0,False,False,False,True,0.16417596295516734,0
False,True,0,True,False,0,0,False,0,False,False,False,True,0.350873500315723,5
False,False,1,False,True,0,0,False,0,False,False,False,False,0.15091559671648075,5
False,False,1,True,False,0,0,False,0,False,False,False,True,0.350873500315723,1
False,False,1,False,False,0,0,True,0,False,False,False,True,0.15091559671648075,1
False,True,1,True,False,0,0,False,0,False,False,False,False,0.16417596295516734,1
False,True,1,True,False,0,0,False,0,False,False,False,False,0.350873500315723,3
False,True,0,False,False,1,1,True,0,True,False,False,False,0.350873500315723,4
False,False,1,False,False,0,0,True,0,False,False,False,False,0.16417596295516734,3
False,False,1,True,False,0,0,False,0,False,False,False,False,0.16417596295516734,3
True,False,1,False,False,0,0,False,0,False,False,True,False,0.0025257840454641126,1
False,False,1,False,False,1,0,False,0,False,False,False,False,0.15091559671648075,3
False,True,0,False,False,0,0,True,0,False,False,False,True,0.15091559671648075,5
True,False,0,False,False,1,1,False,0,False,False,False,False,0.350873500315723,1
False,True,1,False,False,0,0,False,0,False,False,False,True,0.350873500315723,1
False,True,0,False,False,0,0,False,1,False,False,True,False,0.029677962534203326,1
False,True,0,False,False,0,1,True,0,False,True,True,True,0.350873500315723,1
False,False,0,False,False,0,1,False,1,False,False,False,False,0.017470006314460114,0
False,False,0,False,False,1,0,False,0,False,False,False,False,0.15091559671648075,4
False,False,1,False,False,1,0,True,0,False,False,False,True,0.15091559671648075,1
False,True,0,False,False,0,0,False,0,False,False,False,True,0.350873500315723,4
False,True,1,False,False,0,0,False,0,False,False,False,True,0.16417596295516734,1
False,False,1,False,False,0,0,True,0,False,False,False,True,0.15091559671648075,1
False,False,0,False,False,0,1,True,0,False,False,False,True,0.012418438223531888,1
False,True,0,False,False,0,1,True,0,False,False,False,True,0.350873500315723,1
False,True,0,False,True,1,1,False,0,False,False,False,False,0.350873500315723,4
False,False,0,False,False,0,0,False,0,False,False,False,False,0.007787834140181015,4
False,False,0,True,False,0,1,False,0,False,False,False,False,0.16417596295516734,4
False,True,1,False,False,0,0,True,0,False,False,True,True,0.350873500315723,1
False,False,0,False,False,0,1,False,0,False,False,False,False,0.03641338665544096,4
False,True,0,False,False,0,0,True,0,False,False,True,True,0.350873500315723,2
False,False,1,False,False,0,0,False,1,False,False,False,False,0.03641338665544096,2
False,True,0,False,False,0,0,False,0,False,False,False,False,0.15091559671648075,1
False,False,1,True,False,0,0,False,0,False,False,False,False,0.350873500315723,3
False,True,1,True,False,0,0,False,0,False,False,False,False,0.012418438223531888,2
False,False,1,False,False,0,0,False,0,False,False,False,False,0.03641338665544096,5
False,True,1,False,False,1,0,True,0,False,False,False,False,0.350873500315723,5
False,True,0,False,False,0,1,True,0,False,False,True,False,0.16417596295516734,1
False,True,1,True,False,0,0,False,0,False,False,False,True,0.15091559671648075,2
False,True,0,False,False,0,1,False,0,False,False,False,False,0.01178699221216586,4
True,False,0,False,False,0,1,False,0,False,False,True,False,0.03641338665544096,1
False,False,1,False,False,0,0,False,0,False,False,True,False,0.02252157440538834,1
False,True,1,False,True,0,0,False,0,False,False,False,True,0.350873500315723,1
False,True,1,True,False,0,0,False,1,True,False,False,False,0.350873500315723,4
False,False,0,False,False,0,1,False,1,False,False,False,False,0.015154704272784677,0
False,False,1,True,False,0,0,False,0,False,False,False,False,0.009261208166701748,3
False,False,0,False,True,0,1,False,0,False,False,False,False,0.16417596295516734,1
False,True,0,True,False,0,1,False,0,False,False,False,True,0.350873500315723,4
False,False,0,False,False,0,1,False,1,False,False,False,False,0.15091559671648075,1
False,True,0,False,False,0,0,True,0,False,False,False,True,0.02252157440538834,1
False,False,0,False,False,0,0,False,1,False,False,False,False,0.15091559671648075,0
False,False,0,False,False,0,1,True,0,False,False,True,False,0.15091559671648075,4
False,False,1,True,False,0,0,False,1,False,False,False,True,0.002946748053041465,2
True,False,1,False,False,0,0,False,1,False,False,True,False,0.350873500315723,5
False,True,1,False,False,0,0,False,0,False,False,False,False,0.00484108608713955,1
False,True,1,False,False,0,0,False,0,False,False,False,True,0.350873500315723,1
False,True,0,True,False,0,0,False,0,False,False,False,True,0.350873500315723,3
True,False,0,False,False,0,1,True,0,False,False,True,True,0.16417596295516734,1
False,True,0,False,False,0,1,True,0,False,False,False,False,0.350873500315723,1
False,False,1,False,False,0,0,False,1,True,False,False,False,0.0014733740265207324,1
False,False,0,True,False,0,1,False,0,False,False,False,False,0.003788676068196169,2
False,False,1,False,False,0,0,True,0,False,False,False,False,0.15091559671648075,4
False,True,1,False,False,0,0,False,0,False,False,False,True,0.0027362660492527887,1
False,True,1,False,False,0,0,True,1,False,False,False,False,0.0545148389812671,1
False,True,1,False,False,0,0,False,0,False,False,False,False,0.0545148389812671,4
False,True,1,False,False,0,0,True,1,False,False,False,True,0.350873500315723,2
False,True,1,True,False,0,0,False,0,False,False,False,True,0.16417596295516734,0
False,True,1,False,False,0,0,True,0,False,False,False,False,0.0027362660492527887,1
False,False,0,False,True,0,1,False,0,False,False,False,True,0.16417596295516734,4
False,True,0,False,False,0,1,False,0,False,False,False,False,0.007787834140181015,1
False,True,0,False,False,0,0,True,0,False,False,True,True,0.350873500315723,5
False,False,0,False,False,0,1,False,0,False,False,True,False,0.350873500315723,4
False,False,1,False,True,0,0,False,0,True,False,False,False,0.16417596295516734,1
False,False,1,False,False,1,0,False,0,False,False,False,False,0.0545148389812671,1
False,False,1,False,False,0,0,False,0,False,False,False,False,0.15091559671648075,5
False,False,1,False,True,0,0,False,0,False,False,False,False,0.16417596295516734,1
False,True,1,True,False,0,0,False,0,False,False,False,True,0.16417596295516734,0
False,True,0,True,False,1,0,False,0,False,False,False,False,0.16417596295516734,5
False,True,0,False,False,0,0,True,0,False,False,True,True,0.350873500315723,5
False,False,1,True,False,0,0,False,1,False,False,True,False,0.0025257840454641126,1
False,True,1,False,False,0,0,False,0,False,False,False,False,0.350873500315723,5
False,False,1,False,False,0,0,False,0,False,False,False,False,0.009261208166701748,5
False,True,1,False,False,0,0,True,1,True,False,False,False,0.16417596295516734,1
False,False,1,False,True,0,0,False,0,False,False,False,True,0.15091559671648075,2
False,True,1,False,False,0,0,False,0,False,False,False,True,0.350873500315723,4
False,True,0,False,False,1,0,True,0,False,False,True,False,0.16417596295516734,4
False,False,0,False,False,0,1,True,0,False,False,False,True,0.003157230056830141,4
False,True,0,False,False,0,1,True,1,False,False,False,False,0.350873500315723,4
False,False,0,False,False,0,1,False,1,False,False,True,False,0.017470006314460114,3
False,False,0,False,False,0,0,False,1,False,False,False,True,0.15091559671648075,5
False,True,0,False,False,0,0,False,1,False,False,False,False,0.00484108608713955,1
False,False,1,False,False,1,0,True,0,True,False,False,False,0.16417596295516734,3
False,True,1,False,False,0,0,True,0,False,False,False,False,0.012418438223531888,2
False,False,0,False,False,1,1,False,0,False,False,False,True,0.15091559671648075,5
False,False,1,False,False,0,0,False,0,False,False,False,False,0.011576510208377183,1
False,False,1,False,False,0,0,False,0,False,False,False,False,0.011576510208377183,1
False,True,1,False,False,0,0,True,0,False,False,True,True,0.350873500315723,1
False,True,1,False,False,0,0,False,0,False,False,True,True,0.350873500315723,5
False,True,1,False,False,0,0,False,0,False,True,False,False,0.003578194064407493,1
False,False,1,False,False,0,0,False,0,False,False,False,False,0.0027362660492527887,3
False,True,1,False,True,0,0,False,0,False,False,False,False,0.350873500315723,1
False,False,1,False,True,0,0,False,0,False,False,False,False,0.16417596295516734,2
False,False,1,False,False,0,0,False,0,False,False,False,False,0.350873500315723,1
False,True,1,False,False,0,0,True,1,False,False,True,False,0.350873500315723,1
False,True,0,False,False,0,1,True,0,False,False,True,True,0.0545148389812671,3
False,False,0,False,False,0,1,True,0,False,False,False,False,0.16417596295516734,1
False,False,0,False,False,0,1,False,0,False,False,False,False,0.029677962534203326,3
False,False,1,True,False,0,0,False,0,False,False,False,True,0.350873500315723,4
False,False,1,False,False,0,0,False,0,False,False,False,False,0.03641338665544096,5
False,True,0,True,False,0,0,False,0,True,False,False,False,0.16417596295516734,4
False,True,1,False,False,0,0,True,0,False,False,False,False,0.16417596295516734,0
True,False,0,False,False,0,1,True,1,False,False,True,False,0.350873500315723,1
False,False,1,False,False,0,0,False,0,False,False,True,False,0.0010524100189433804,4
False,False,1,False,False,0,0,False,0,False,True,False,False,0.017470006314460114,4
False,False,1,True,False,0,0,False,0,False,False,False,True,0.16417596295516734,1
False,False,1,True,False,0,0,False,1,False,False,False,True,0.029677962534203326,4
False,True,0,False,False,0,0,True,0,False,False,False,True,0.01178699221216586,1
False,True,1,False,False,0,0,False,1,False,False,False,True,0.0545148389812671,3
False,True,1,False,False,0,0,True,0,False,False,True,True,0.01178699221216586,5
False,True,1,False,False,0,0,True,1,False,False,True,False,0.006314460113660282,1
False,True,1,False,False,0,0,True,0,False,False,False,True,0.350873500315723,3
False,False,1,False,False,0,0,False,0,True,False,False,False,0.012418438223531888,4
False,True,0,False,False,0,1,True,0,False,False,True,True,0.350873500315723,3
False,True,1,True,False,0,0,False,0,False,False,False,True,0.15091559671648075,1
False,True,1,False,False,0,0,True,0,False,False,False,False,0.350873500315723,1
False,False,1,False,False,0,0,False,1,False,False,False,False,0.350873500315723,3
False,False,1,False,False,0,0,False,0,False,False,False,False,0.017470006314460114,1
False,False,1,False,True,0,0,False,0,False,False,False,False,0.350873500315723,1
False,False,0,False,False,0,0,False,0,False,True,True,False,0.0545148389812671,5
False,False,1,False,False,0,0,True,0,False,False,False,False,0.015154704272784677,1
True,False,1,False,False,0,0,False,1,False,False,False,False,0.03641338665544096,0
False,False,0,False,False,0,1,True,0,False,False,False,True,0.02252157440538834,3
False,True,0,True,False,0,1,False,0,False,False,False,True,0.350873500315723,2
False,True,1,False,False,0,0,False,1,False,False,False,False,0.003157230056830141,3
False,True,0,False,False,0,0,True,0,False,False,True,True,0.0545148389812671,5
False,False,0,False,False,0,0,False,1,False,False,False,False,0.029677962534203326,4
False,False,0,True,False,0,1,False,1,False,False,False,False,0.350873500315723,4
False,True,1,False,False,0,0,True,1,False,False,False,True,0.15091559671648075,1
False,False,0,False,True,1,1,False,0,False,False,False,False,0.16417596295516734,1
False,True,1,False,False,0,0,False,0,False,False,False,True,0.009261208166701748,3
True,True,0,False,False,1,1,False,0,False,False,False,False,0.16417596295516734,4
False,False,0,False,False,0,0,False,1,False,False,True,False,0.350873500315723,4
False,False,0,True,False,0,1,False,0,False,False,False,True,0.015154704272784677,1
False,False,1,False,False,0,0,False,1,False,False,False,False,0.15091559671648075,1
False,True,0,False,False,1,1,True,0,False,False,False,False,0.350873500315723,4
True,True,0,False,True,0,1,False,0,False,False,False,False,0.350873500315723,1
False,False,1,False,False,0,0,False,0,False,False,False,True,0.15091559671648075,3
False,False,1,False,False,0,0,False,0,False,False,False,True,0.350873500315723,5
False,True,0,False,True,0,0,False,0,False,False,False,False,0.16417596295516734,5
False,True,0,False,False,0,0,True,0,False,False,False,True,0.0545148389812671,1
False,False,1,False,False,0,0,False,1,False,False,False,False,0.006103978109871606,1
False,False,1,False,False,0,0,False,0,False,False,False,False,0.15091559671648075,3
False,False,1,False,False,0,0,False,0,False,False,False,False,0.03641338665544096,2
False,True,1,True,False,0,0,False,0,False,False,False,False,0.16417596295516734,4
False,False,1,False,False,0,0,True,1,False,False,False,True,0.15091559671648075,3
False,True,0,False,True,1,1,False,0,False,False,False,True,0.017470006314460114,2
False,False,0,False,True,0,1,False,0,False,False,False,True,0.15091559671648075,3
False,True,1,False,False,0,0,True,0,False,False,False,False,0.0545148389812671,3
False,True,0,True,False,0,1,False,0,False,False,False,False,0.16417596295516734,4
False,True,1,False,False,0,0,True,0,False,False,False,False,0.009261208166701748,1
False,False,0,True,False,0,0,False,0,False,False,False,False,0.350873500315723,5
False,True,0,False,False,0,0,False,1,False,False,False,True,0.0545148389812671,0
False,True,1,False,False,0,0,True,0,False,False,True,True,0.350873500315723,0
False,False,0,False,True,0,1,False,0,False,False,False,False,0.16417596295516734,4
False,True,1,False,False,0,0,False,0,True,False,False,False,0.350873500315723,4
False,False,1,False,True,0,0,False,1,False,False,False,True,0.16417596295516734,1
False,True,1,True,False,0,0,False,0,False,False,True,False,0.350873500315723,1
False,True,1,False,False,0,0,True,1,False,False,True,False,0.006314460113660282,1
False,False,1,False,False,0,0,False,0,False,False,True,True,0.350873500315723,4
True,True,0,False,False,0,0,False,1,False,False,False,True,0.16417596295516734,5
False,True,1,False,False,1,0,True,0,False,False,True,True,0.350873500315723,5
False,True,1,True,False,0,0,False,1,False,False,True,False,0.15091559671648075,1
False,False,1,False,False,0,0,False,1,False,False,False,False,0.15091559671648075,1
False,True,1,False,False,0,0,True,1,False,False,True,True,0.0545148389812671,1
False,True,1,False,False,0,0,True,0,False,False,True,False,0.350873500315723,1
True,True,0,True,False,0,1,False,0,False,False,False,True,0.350873500315723,1
False,True,0,False,True,0,1,False,0,False,False,False,True,0.350873500315723,4
False,True,1,False,False,0,0,False,0,False,False,False,False,0.15091559671648075,1
False,True,1,False,False,0,0,True,0,False,False,False,False,0.15091559671648075,3
False,False,1,True,False,0,0,False,0,False,False,False,False,0.16417596295516734,3
False,False,1,False,False,0,0,False,0,False,False,True,False,0.029677962534203326,1
False,True,1,True,False,0,0,False,0,False,False,False,False,0.350873500315723,5
False,False,1,False,False,0,0,True,1,False,False,False,True,0.003788676068196169,3
False,False,1,True,False,0,0,False,0,False,False,False,False,0.16417596295516734,3
False,True,1,False,True,0,0,False,1,False,False,False,False,0.005262050094716902,1
False,True,0,True,False,0,0,False,0,False,False,False,True,0.350873500315723,4
False,True,1,False,False,0,0,True,1,False,False,False,True,0.0545148389812671,1
False,False,1,False,False,0,0,False,0,False,False,False,True,0.16417596295516734,1
False,True,0,False,False,0,0,True,1,True,False,True,False,0.0016838560303094085,5
False,False,1,True,False,0,0,False,0,False,False,False,False,0.15091559671648075,3
False,False,0,True,False,0,1,False,0,False,False,False,True,0.15091559671648075,1
False,False,1,True,False,0,0,False,0,False,False,False,True,0.350873500315723,2
False,False,1,False,False,0,0,False,0,False,False,True,False,0.005262050094716902,1
False,False,0,True,False,0,1,False,0,False,False,False,True,0.350873500315723,1
False,False,1,True,False,0,0,False,0,False,False,False,False,0.350873500315723,3
False,True,1,False,False,0,0,True,0,False,False,False,False,0.01178699221216586,4
False,False,0,False,False,0,1,True,0,False,False,True,True,0.15091559671648075,1
False,True,0,False,False,0,0,True,0,False,False,False,False,0.16417596295516734,5
False,False,0,False,False,0,1,False,0,False,False,True,True,0.350873500315723,1
False,True,1,True,False,0,0,False,0,False,False,False,True,0.16417596295516734,0
False,True,0,False,False,1,0,True,0,False,False,True,True,0.007366870132603663,4
False,True,1,False,False,0,0,False,0,False,False,False,False,0.16417596295516734,1
False,True,0,True,False,0,1,False,0,False,False,False,False,0.350873500315723,1
False,False,0,False,False,0,0,False,0,False,False,False,False,0.0027362660492527887,4
False,True,1,False,False,0,0,False,1,False,False,False,True,0.0545148389812671,1
False,False,1,False,False,1,0,False,0,False,False,False,False,0.029677962534203326,3
False,True,0,True,False,0,1,False,0,False,False,False,False,0.350873500315723,4
False,False,1,False,False,1,0,False,0,False,False,False,True,0.16417596295516734,0
False,False,0,False,True,0,1,False,0,False,False,False,False,0.012418438223531888,4
False,True,1,False,False,0,0,False,0,False,False,False,False,0.01178699221216586,4
False,True,0,True,False,0,0,False,0,False,False,False,True,0.005262050094716902,4
False,True,0,False,False,0,1,False,0,False,True,False,True,0.0018943380340980846,3
False,True,1,False,True,0,0,False,1,False,False,False,False,0.16417596295516734,2
False,False,1,False,False,0,0,False,0,False,False,False,False,0.350873500315723,4
False,False,1,True,False,0,0,False,0,True,False,False,False,0.16417596295516734,4
False,False,0,False,True,0,0,False,0,False,False,False,True,0.16417596295516734,1
False,False,1,False,False,0,0,False,0,False,False,False,False,0.0545148389812671,5
False,True,0,False,False,0,1,True,1,False,False,True,False,0.350873500315723,4
False,True,0,True,False,0,1,False,0,False,False,False,True,0.16417596295516734,4
False,False,1,False,False,0,0,False,0,False,False,False,True,0.15091559671648075,2
False,True,0,False,False,0,1,True,0,True,False,False,False,0.0545148389812671,2
False,True,0,False,False,0,1,True,1,False,False,False,True,0.16417596295516734,4
True,False,1,False,False,0,0,False,0,False,False,False,False,0.017470006314460114,1
False,True,1,True,False,0,0,False,0,True,False,False,False,0.15091559671648075,4
False,False,1,True,False,1,0,False,0,False,False,False,False,0.006103978109871606,2
False,True,1,False,False,0,0,False,0,False,False,False,True,0.16417596295516734,5
False,True,1,False,False,0,0,True,0,False,False,True,False,0.350873500315723,1
True,False,1,False,False,0,0,False,0,False,False,True,False,0.007366870132603663,0
False,True,0,False,False,1,0,False,0,False,True,False,True,0.350873500315723,5
False,True,1,False,False,0,0,True,0,False,False,False,False,0.350873500315723,1
False,False,0,True,False,0,0,False,1,False,False,False,False,0.350873500315723,1
False,True,0,False,False,0,0,True,1,False,False,False,False,0.350873500315723,5
False,False,1,False,True,0,0,False,1,False,True,False,False,0.029677962534203326,1
True,False,0,False,True,1,1,False,0,False,False,False,False,0.350873500315723,1
False,False,1,False,False,0,0,False,0,False,False,False,True,0.003578194064407493,3
False,False,1,True,False,0,0,False,0,False,False,False,True,0.15091559671648075,1
True,False,0,False,False,0,0,False,0,False,False,True,False,0.03641338665544096,1
False,False,0,False,True,0,1,False,0,False,False,False,False,0.350873500315723,3
False,True,1,False,False,0,0,True,0,False,False,False,True,0.350873500315723,4
False,True,1,False,False,0,0,False,0,False,False,False,True,0.350873500315723,3
False,True,0,False,True,0,1,False,0,False,False,False,False,0.16417596295516734,4
False,False,1,False,False,0,0,False,1,False,False,False,False,0.15091559671648075,1
False,True,0,True,False,0,1,False,0,False,False,False,True,0.350873500315723,4
False,False,1,False,False,0,0,False,0,False,False,True,False,0.011576510208377183,1
True,False,0,False,False,0,1,False,1,False,False,True,False,0.015154704272784677,1
False,False,0,False,False,0,1,True,0,False,False,False,True,0.15091559671648075,1
False,True,1,False,False,0,0,True,0,False,False,True,False,0.0545148389812671,1
False,True,1,False,False,1,0,False,0,False,False,True,False,0.16417596295516734,4
False,True,0,False,False,0,1,True,0,False,False,False,False,0.012418438223531888,1
False,True,1,False,False,0,0,True,1,False,False,False,True,0.0545148389812671,2
False,True,0,False,False,0,1,False,1,False,False,False,False,0.350873500315723,1
False,False,1,False,False,0,0,False,0,False,False,False,False,0.15091559671648075,1
False,True,1,False,False,0,0,False,1,True,False,False,False,0.350873500315723,1
False,False,1,False,False,0,0,False,0,False,False,False,True,0.0545148389812671,1
False,True,0,False,False,0,1,False,0,False,False,False,False,0.350873500315723,1
True,False,1,False,False,0,0,False,0,False,False,True,False,0.0545148389812671,1
False,False,1,False,False,0,0,True,0,False,False,False,False,0.0545148389812671,0
False,False,1,True,False,0,0,False,0,True,False,False,False,0.15091559671648075,1
False,True,1,True,False,0,0,False,0,False,False,True,True,0.0004209640075773521,1
False,True,1,True,False,0,0,False,0,False,False,False,False,0.16417596295516734,1
False,False,1,False,False,0,0,False,1,False,False,False,False,0.350873500315723,4
False,False,1,False,False,0,0,True,0,True,False,False,False,0.350873500315723,3
False,True,1,False,True,0,0,False,0,False,False,False,True,0.16417596295516734,0
True,False,0,False,False,0,1,False,0,False,False,False,False,0.0545148389812671,4
False,False,1,False,False,0,0,False,1,False,False,False,False,0.350873500315723,0
False,False,0,False,False,0,0,False,0,False,False,False,True,0.15091559671648075,2
False,False,0,False,False,0,0,True,0,False,False,False,True,0.16417596295516734,4
False,True,1,False,True,0,0,False,0,False,False,False,False,0.16417596295516734,2
False,True,0,False,False,0,1,False,0,False,False,False,False,0.350873500315723,1
False,False,0,False,False,0,1,True,0,False,False,False,False,0.029677962534203326,4
False,True,1,False,False,0,0,True,0,False,False,False,False,0.350873500315723,1
True,False,0,False,False,0,1,False,0,False,False,True,False,0.03641338665544096,1
False,True,0,False,False,1,0,True,0,False,False,True,False,0.0545148389812671,2
False,False,1,False,False,0,0,False,1,False,False,False,False,0.350873500315723,1
False,True,0,False,True,0,0,False,1,False,False,False,True,0.16417596295516734,1
False,False,0,False,False,0,1,False,0,False,False,False,False,0.007787834140181015,4
False,False,0,True,False,0,1,False,0,False,False,False,False,0.350873500315723,1
False,False,1,False,False,0,0,False,1,False,False,False,False,0.005262050094716902,1
True,False,1,False,False,0,0,False,0,False,False,False,False,0.03641338665544096,1
False,False,1,False,False,1,0,False,0,False,False,False,True,0.0545148389812671,2
False,True,1,False,False,0,0,False,1,False,False,False,False,0.006103978109871606,1
False,False,0,False,False,0,0,False,0,False,False,False,False,0.006103978109871606,5
False,True,0,False,False,0,1,False,0,False,False,False,True,0.15091559671648075,4
False,True,0,False,False,1,1,False,0,False,False,False,True,0.15091559671648075,1
False,True,1,False,False,0,0,True,0,False,False,True,True,0.350873500315723,1
False,True,1,False,False,0,0,True,0,False,False,True,True,0.16417596295516734,4
False,False,1,True,False,1,0,False,0,False,False,False,False,0.350873500315723,1
False,False,0,False,False,0,0,False,0,True,False,False,False,0.006103978109871606,1
False,False,1,True,False,0,0,False,1,False,False,False,True,0.350873500315723,4
False,False,1,False,False,0,0,False,1,False,False,False,False,0.0545148389812671,0
False,True,0,False,False,0,0,False,0,False,False,False,False,0.003578194064407493,3
False,False,1,False,False,0,0,False,0,False,False,False,False,0.16417596295516734,1
False,False,1,True,False,0,0,False,1,False,False,False,True,0.350873500315723,0
False,True,1,False,False,1,0,True,0,False,False,True,True,0.16417596295516734,4
False,False,0,False,False,0,1,True,1,False,False,False,False,0.005262050094716902,1
False,True,0,False,False,1,0,False,0,False,False,False,False,0.15091559671648075,2
False,False,1,False,False,0,0,False,0,False,False,False,False,0.007787834140181015,5
False,False,1,True,False,0,0,False,1,False,False,False,False,0.015154704272784677,1
False,True,0,False,False,0,1,False,0,False,False,False,False,0.017470006314460114,4
False,False,0,True,False,0,0,False,0,False,False,True,True,0.350873500315723,1
False,True,1,False,False,0,0,True,0,False,False,True,False,0.350873500315723,1
False,False,1,False,False,0,0,False,0,True,False,False,False,0.16417596295516734,3
False,False,0,False,False,0,1,True,0,False,False,False,False,0.012418438223531888,4
False,False,1,False,False,0,0,False,0,False,False,True,False,0.15091559671648075,1
False,False,0,False,False,0,1,False,0,False,False,False,True,0.350873500315723,4
False,False,1,False,False,0,0,True,0,False,False,False,False,0.006314460113660282,3
False,False,1,False,False,1,0,False,0,False,False,False,False,0.02252157440538834,4
True,True,1,True,False,0,0,False,1,False,False,False,False,0.16417596295516734,1
False,True,1,True,False,0,0,False,0,False,False,False,False,0.350873500315723,3
False,False,0,True,False,0,1,False,1,True,False,False,False,0.350873500315723,4
False,True,1,True,False,1,0,False,0,False,False,False,True,0.350873500315723,1
False,True,1,False,False,0,0,True,0,False,False,True,True,0.350873500315723,1
False,False,0,False,False,0,1,False,0,False,False,False,False,0.003788676068196169,1
False,True,1,False,True,1,0,False,0,False,False,False,True,0.16417596295516734,1
False,True,0,False,False,0,1,False,1,False,False,False,True,0.350873500315723,1
False,False,1,False,False,0,0,False,1,False,False,False,False,0.017470006314460114,1
False,False,1,False,True,0,0,False,1,False,False,False,True,0.16417596295516734,1
False,False,1,False,False,0,0,False,0,False,False,False,False,0.15091559671648075,3
False,False,1,False,False,0,0,False,1,False,False,True,False,0.03641338665544096,1
False,True,1,False,False,0,0,True,1,False,False,True,True,0.350873500315723,1
False,False,0,False,False,0,0,False,0,False,False,False,False,0.029677962534203326,4
False,True,0,False,False,0,1,True,0,False,False,False,True,0.0545148389812671,1
False,True,0,False,False,1,0,True,0,False,False,False,True,0.16417596295516734,3
False,False,0,False,False,0,1,True,0,False,False,False,True,0.350873500315723,1
False,True,1,False,True,0,0,False,0,False,False,False,True,0.16417596295516734,1
False,False,0,False,False,0,1,True,0,True,False,False,False,0.350873500315723,4
False,False,1,False,False,0,0,False,0,False,False,False,False,0.007787834140181015,1
False,False,0,False,False,1,1,False,0,False,False,False,False,0.15091559671648075,1
False,False,0,False,False,1,1,False,0,False,True,False,True,0.350873500315723,3
False,True,0,True,False,0,1,False,0,False,False,False,True,0.350873500315723,2
False,True,1,False,False,0,0,True,1,False,False,True,False,0.0545148389812671,1
False,False,1,False,False,0,0,False,0,False,False,False,False,0.015154704272784677,1
False,True,1,False,False,0,0,False,0,False,False,False,False,0.350873500315723,0
False,True,1,False,False,0,0,True,0,False,False,False,False,0.15091559671648075,1
False,True,0,False,False,1,1,True,0,True,False,False,False,0.350873500315723,4
False,False,0,False,True,0,1,False,0,False,False,False,True,0.350873500315723,4
False,True,1,False,False,0,0,False,1,False,False,False,False,0.350873500315723,2
False,False,1,False,False,0,0,True,0,False,False,True,False,0.007787834140181015,1
False,False,0,True,False,0,0,False,0,True,False,False,False,0.16417596295516734,2
False,False,1,False,False,0,0,True,0,False,False,True,False,0.350873500315723,1
False,False,1,False,False,1,0,False,0,False,False,True,False,0.011576510208377183,1
False,True,1,True,False,0,0,False,0,False,False,False,False,0.15091559671648075,2
False,True,1,True,False,0,0,False,1,False,False,False,True,0.15091559671648075,1
False,False,1,True,False,0,0,False,0,False,False,False,True,0.16417596295516734,4
False,True,0,False,False,0,0,False,0,False,False,False,False,0.003788676068196169,0
False,False,0,False,False,0,0,False,0,False,False,False,False,0.15091559671648075,1
False,True,1,False,False,0,0,False,0,False,False,False,True,0.15091559671648075,1
False,True,0,False,False,0,0,False,1,False,False,False,False,0.350873500315723,4
False,True,1,False,False,0,0,False,0,False,False,False,True,0.16417596295516734,2
False,False,1,False,False,0,0,True,0,False,False,False,False,0.16417596295516734,1
False,False,1,True,False,0,0,False,0,False,False,False,False,0.350873500315723,2
False,False,1,False,False,0,0,False,0,False,False,False,False,0.029677962534203326,1
False,True,0,False,False,1,0,False,0,False,False,False,True,0.16417596295516734,1
False,True,1,False,False,0,0,False,1,False,False,False,True,0.003578194064407493,1
False,False,0,False,False,0,1,False,1,False,False,False,True,0.350873500315723,1
False,True,1,False,False,0,0,True,1,False,False,False,False,0.15091559671648075,1
False,False,1,False,True,1,0,False,0,False,False,False,False,0.350873500315723,1
False,False,0,False,True,0,0,False,0,False,False,False,False,0.16417596295516734,1
False,False,1,False,False,1,0,False,0,False,False,True,False,0.16417596295516734,5
False,False,0,False,False,0,1,False,0,False,False,False,True,0.029677962534203326,4
False,True,1,False,True,0,0,False,0,False,False,False,False,0.16417596295516734,1
True,True,0,False,False,0,1,True,0,False,False,False,True,0.16417596295516734,1
True,False,0,False,False,0,1,False,0,False,False,True,True,0.0545148389812671,0
False,False,1,False,False,0,0,False,0,True,False,False,False,0.350873500315723,4
False,True,1,True,False,0,0,False,0,False,False,False,False,0.350873500315723,4
False,True,0,False,False,1,1,False,0,False,False,True,True,0.15091559671648075,1
False,True,1,False,False,0,0,False,0,False,False,False,True,0.15091559671648075,2
False,False,0,False,False,0,0,False,0,False,False,False,False,0.15091559671648075,1
False,False,1,False,False,0,0,False,0,False,False,True,False,0.006103978109871606,1
False,True,0,False,False,0,0,False,0,True,False,False,False,0.0012628920227320563,2
False,True,0,False,False,0,1,True,0,False,False,False,True,0.15091559671648075,4
False,False,1,True,False,1,0,False,0,False,False,False,True,0.350873500315723,1
False,False,0,True,False,0,0,False,0,False,False,False,False,0.16417596295516734,2
False,True,1,False,False,0,0,False,0,False,False,False,False,0.350873500315723,1
False,True,0,False,False,0,1,False,0,False,False,False,False,0.350873500315723,0
False,False,1,False,False,0,0,True,0,False,False,False,False,0.350873500315723,1
False,False,1,False,False,0,0,True,0,False,False,False,False,0.16417596295516734,0
False,False,1,False,True,0,0,False,0,False,False,True,True,0.15091559671648075,1
False,False,0,False,True,1,1,False,0,False,False,False,False,0.003788676068196169,1
False,True,1,False,False,0,0,True,0,False,False,False,True,0.350873500315723,1
False,True,1,False,False,0,0,False,1,False,False,False,False,0.16417596295516734,1
False,True,1,False,True,0,0,False,0,False,False,False,True,0.16417596295516734,0
False,False,1,False,False,0,0,False,1,False,False,False,False,0.16417596295516734,3
False,False,1,False,False,0,0,False,1,False,False,False,True,0.00484108608713955,1
False,True,1,False,False,0,0,False,1,False,False,False,True,0.16417596295516734,1
False,True,1,False,False,0,0,False,0,False,False,False,False,0.0545148389812671,1
False,True,1,False,False,0,0,True,0,False,False,True,True,0.02252157440538834,4
False,True,1,False,False,0,0,True,0,False,False,False,False,0.0545148389812671,1
False,False,0,False,False,0,1,False,0,False,False,False,False,0.350873500315723,4
False,False,0,False,False,0,1,False,0,False,False,False,False,0.02252157440538834,4
False,True,0,False,False,0,1,False,0,False,False,False,True,0.012418438223531888,4
False,False,1,False,False,0,0,False,1,False,False,False,False,0.350873500315723,1
False,False,0,False,False,0,1,False,1,False,False,False,True,0.15091559671648075,0
False,False,0,False,False,0,1,True,0,False,False,False,True,0.012418438223531888,4
False,False,1,False,False,0,0,True,1,False,False,False,True,0.350873500315723,1
False,True,0,True,False,0,0,False,1,True,False,False,False,0.350873500315723,2
False,True,1,True,False,0,0,False,0,False,False,False,True,0.16417596295516734,2
False,True,1,False,True,0,0,False,1,False,False,False,True,0.350873500315723,3
False,True,1,True,False,0,0,False,1,False,False,False,False,0.16417596295516734,1
False,False,1,False,False,0,0,False,1,False,False,False,False,0.350873500315723,1
False,False,0,False,False,0,1,False,1,False,False,False,False,0.15091559671648075,4
False,True,0,False,False,0,1,False,0,False,False,False,False,0.15091559671648075,4
True,False,0,True,False,0,1,False,0,False,False,False,True,0.350873500315723,4
False,False,0,False,False,1,0,False,0,False,False,False,True,0.029677962534203326,5
False,False,0,True,False,1,1,False,0,False,False,False,True,0.350873500315723,3
False,False,1,False,False,0,0,False,0,False,False,True,False,0.0025257840454641126,1
False,False,0,False,False,0,0,True,0,False,False,True,False,0.15091559671648075,4
False,True,0,False,False,0,0,True,0,False,False,True,False,0.350873500315723,3
False,True,0,False,False,1,0,True,0,False,False,False,False,0.350873500315723,2
False,True,0,True,False,1,0,False,0,False,False,False,False,0.350873500315723,5
False,False,0,False,False,1,0,False,0,False,False,False,False,0.350873500315723,5
False,False,1,False,False,0,0,False,0,False,False,False,False,0.15091559671648075,3
False,False,1,True,False,0,0,False,0,False,False,False,True,0.350873500315723,1
False,True,0,True,False,0,0,False,0,False,False,False,True,0.350873500315723,5
False,True,0,False,False,0,1,True,0,False,False,False,False,0.16417596295516734,1
False,False,0,False,True,1,1,False,0,False,False,False,False,0.002946748053041465,1
False,False,1,True,False,0,0,False,0,False,False,False,True,0.350873500315723,1
False,True,1,False,False,0,0,True,0,False,False,True,True,0.0545148389812671,1
False,True,0,True,False,0,1,False,1,False,False,False,False,0.350873500315723,1
False,False,0,False,False,0,1,True,0,False,False,False,True,0.350873500315723,1
False,True,1,False,True,0,0,False,0,False,False,False,True,0.03641338665544096,3
False,True,1,True,False,0,0,False,0,False,False,False,True,0.16417596295516734,0
False,True,1,False,False,0,0,False,1,False,False,False,True,0.16417596295516734,1
False,True,1,False,False,0,0,True,0,False,False,True,False,0.16417596295516734,1
False,True,0,False,False,0,0,False,0,False,False,False,False,0.350873500315723,0
False,True,1,False,False,0,0,True,0,False,False,False,True,0.350873500315723,1
False,False,0,False,True,1,1,False,0,False,False,False,False,0.16417596295516734,4
True,False,1,False,False,0,0,False,0,False,False,False,False,0.017470006314460114,1
False,True,1,True,False,0,0,False,0,False,False,False,True,0.16417596295516734,5
False,False,1,False,False,0,0,True,0,True,False,False,False,0.16417596295516734,4
False,True,1,True,False,0,0,False,0,False,False,False,True,0.012418438223531888,3
False,True,1,False,False,0,0,False,0,False,False,False,True,0.16417596295516734,4
False,False,1,False,False,1,0,False,0,False,False,False,False,0.006103978109871606,2
False,True,1,False,False,0,0,False,0,False,False,False,False,0.0008419280151547042,0
False,False,1,False,False,0,0,False,0,False,False,False,False,0.0018943380340980846,1
False,True,1,False,False,0,0,True,0,False,False,False,False,0.012418438223531888,2
False,True,0,False,False,0,1,False,0,False,False,False,True,0.03641338665544096,1
False,True,0,False,False,0,1,False,0,False,False,False,True,0.350873500315723,4
False,True,1,False,False,0,0,False,0,True,False,False,False,0.005262050094716902,3
False,True,0,False,False,0,0,False,0,True,False,False,False,0.012418438223531888,1
False,False,0,False,False,0,1,False,0,False,False,False,False,0.03641338665544096,1
False,False,1,False,False,0,0,False,0,False,False,False,True,0.009261208166701748,2
False,False,1,False,False,0,0,False,0,True,False,False,False,0.0545148389812671,5
False,True,1,False,False,0,0,False,0,False,False,True,True,0.007366870132603663,1
False,False,0,False,True,0,1,False,0,False,False,False,False,0.00484108608713955,1
False,False,1,False,False,0,0,False,0,False,False,False,False,0.029677962534203326,3
False,False,1,False,False,0,0,False,0,False,False,False,False,0.029677962534203326,3
False,True,1,False,False,0,0,False,0,False,False,False,True,0.350873500315723,5
False,False,1,False,True,0,0,False,0,True,False,False,False,0.350873500315723,4
False,True,0,False,False,0,0,False,0,False,False,False,False,0.16417596295516734,5
False,False,1,True,False,0,0,False,1,False,False,False,False,0.16417596295516734,1
False,False,1,True,False,0,0,False,1,False,False,False,False,0.15091559671648075,1
False,True,0,False,False,0,0,False,0,False,False,False,False,0.0012628920227320563,2
False,False,1,False,False,0,0,False,0,False,False,True,False,0.00484108608713955,4
False,True,1,False,True,0,0,False,0,False,False,False,True,0.16417596295516734,5
False,False,0,False,False,1,1,True,0,False,False,False,False,0.350873500315723,3
False,True,1,False,False,0,0,False,0,False,False,False,True,0.011576510208377183,3
False,True,0,False,False,0,1,False,0,False,False,False,False,0.0545148389812671,1
False,False,0,False,False,0,0,True,1,False,False,True,False,0.350873500315723,5
False,False,1,False,True,0,0,False,0,False,False,False,False,0.16417596295516734,4
False,False,0,False,False,0,0,False,0,False,False,False,True,0.012418438223531888,2
True,False,1,False,False,0,0,True,0,False,False,True,True,0.0545148389812671,1
False,True,1,False,False,0,0,True,1,False,False,False,True,0.0545148389812671,2
True,False,0,False,False,0,0,False,0,False,False,True,False,0.015154704272784677,0
False,False,1,False,True,0,0,False,1,False,False,False,True,0.350873500315723,1
False,False,1,False,False,0,0,True,0,False,False,False,True,0.15091559671648075,1
False,True,1,False,False,0,0,False,0,False,False,False,False,0.03641338665544096,1
False,True,1,False,False,0,0,True,1,False,False,False,True,0.15091559671648075,3
True,True,1,False,False,1,0,True,0,False,False,True,True,0.004420122079562197,4
False,False,0,True,False,0,0,False,0,False,False,False,True,0.350873500315723,4
False,False,1,False,False,1,0,False,0,False,True,False,False,0.15091559671648075,3
False,True,0,False,False,0,1,False,0,False,False,False,False,0.012418438223531888,1
False,True,0,False,False,0,1,True,0,False,False,True,False,0.01178699221216586,4
False,False,0,False,False,0,1,True,0,False,False,False,False,0.005262050094716902,1
False,False,1,False,False,0,0,False,0,False,False,True,False,0.03641338665544096,1
False,False,0,False,False,0,1,False,0,False,False,False,True,0.350873500315723,1
False,False,0,False,False,0,1,False,0,False,False,False,False,0.350873500315723,2
False,True,0,True,False,0,1,False,1,True,False,False,False,0.16417596295516734,4
False,False,1,False,False,0,0,False,1,False,False,False,False,0.15091559671648075,1
False,False,1,False,False,0,0,False,1,False,False,False,True,0.029677962534203326,1
False,False,0,False,True,0,0,False,0,False,False,True,True,0.16417596295516734,1
True,True,0,False,False,1,0,False,0,False,False,False,True,0.15091559671648075,1
False,True,1,False,False,0,0,False,0,False,False,False,False,0.350873500315723,1
True,False,1,False,False,0,0,False,0,False,False,True,False,0.15091559671648075,5
False,False,0,True,False,0,1,False,0,False,False,False,True,0.006103978109871606,4
False,False,0,False,False,0,1,False,0,False,False,False,False,0.0016838560303094085,1
False,True,0,True,False,0,0,False,1,False,False,False,False,0.350873500315723,1
False,True,0,True,False,0,1,False,0,False,False,False,True,0.350873500315723,1
False,True,1,False,False,0,0,False,1,False,False,False,False,0.350873500315723,1
False,True,0,True,False,1,0,False,0,True,False,False,False,0.350873500315723,5
False,False,0,False,False,0,1,False,0,False,False,False,False,0.029677962534203326,2
False,True,0,False,False,1,0,True,0,False,False,False,True,0.007366870132603663,1
False,False,1,False,True,0,0,False,0,False,False,False,False,0.350873500315723,1
False,False,1,True,False,0,0,False,0,True,False,False,False,0.16417596295516734,1
False,False,1,True,False,0,0,False,0,False,False,False,False,0.350873500315723,5
False,False,0,False,False,0,0,False,1,False,False,False,True,0.16417596295516734,5
False,True,0,False,False,0,1,True,1,False,False,True,False,0.350873500315723,4
False,True,1,True,False,0,0,False,0,False,False,False,True,0.350873500315723,1
False,False,1,False,False,0,0,True,1,False,False,False,True,0.16417596295516734,1
False,False,1,False,False,0,0,True,1,False,True,True,True,0.350873500315723,5
False,True,0,True,False,0,1,False,0,False,False,False,True,0.012418438223531888,3
False,True,0,False,False,0,1,True,0,False,False,False,False,0.350873500315723,4
False,False,0,False,False,0,0,False,0,False,False,False,True,0.003788676068196169,0
True,True,0,True,False,0,0,False,0,False,False,False,False,0.16417596295516734,1
False,True,1,False,False,1,0,True,0,False,False,False,True,0.350873500315723,1
False,False,0,False,False,0,1,False,0,False,False,False,False,0.15091559671648075,4
False,True,1,False,False,0,0,True,1,False,False,True,False,0.01178699221216586,1
False,True,0,False,False,1,1,False,0,False,False,False,False,0.350873500315723,1
False,False,0,True,False,0,1,False,0,False,False,False,True,0.16417596295516734,4
False,True,0,False,True,0,0,False,1,False,False,False,False,0.350873500315723,5
False,True,1,False,False,0,0,False,0,False,False,True,True,0.011576510208377183,1
False,True,1,True,False,0,0,False,0,False,False,False,False,0.16417596295516734,0
False,False,0,False,True,0,1,False,1,False,False,False,False,0.15091559671648075,1
False,True,0,False,False,0,1,True,0,True,False,False,False,0.350873500315723,3
False,False,1,True,False,0,0,False,0,False,False,True,True,0.350873500315723,0
False,True,1,False,False,0,0,False,0,False,False,False,False,0.0018943380340980846,2
False,False,1,False,False,0,0,False,0,False,False,False,True,0.004420122079562197,1
False,False,1,False,False,0,0,False,1,False,False,False,False,0.350873500315723,1
False,False,0,True,False,0,1,False,0,True,False,False,False,0.15091559671648075,1
False,False,0,False,False,1,1,False,0,False,False,False,False,0.007366870132603663,1
False,False,1,False,False,0,0,True,0,False,False,False,True,0.007366870132603663,1
False,False,0,False,False,0,0,False,0,False,False,False,False,0.003788676068196169,5
False,True,1,False,False,0,0,True,0,False,False,True,True,0.16417596295516734,0
False,True,1,True,False,1,0,False,0,False,False,False,False,0.350873500315723,4
False,True,1,True,False,0,0,False,1,False,False,False,True,0.350873500315723,3
False,True,0,True,False,0,1,False,1,True,False,False,False,0.350873500315723,4
False,False,0,False,False,0,0,False,0,False,False,False,False,0.003578194064407493,4
False,True,0,False,False,1,0,False,0,False,False,False,False,0.02252157440538834,1
False,True,0,True,False,0,0,False,0,False,True,False,True,0.350873500315723,5
False,True,0,False,False,0,1,True,0,False,False,False,False,0.350873500315723,1
False,True,0,True,False,0,1,False,0,False,False,True,True,0.15091559671648075,1
False,True,1,False,False,0,0,True,1,True,False,False,False,0.350873500315723,1
False,True,1,False,False,0,0,True,0,True,False,False,False,0.16417596295516734,4
False,False,0,False,False,0,1,True,1,False,False,False,True,0.15091559671648075,1
False,False,0,True,False,0,0,False,0,False,False,False,True,0.012418438223531888,2
False,False,1,False,False,0,0,False,1,False,False,False,False,0.0545148389812671,5
False,False,0,False,False,0,0,False,1,False,False,True,False,0.03641338665544096,1
True,False,0,False,False,0,1,False,1,False,False,False,False,0.029677962534203326,0
False,False,0,False,False,0,1,True,0,False,False,True,False,0.15091559671648075,1
False,False,0,False,False,0,1,False,1,False,False,False,False,0.0012628920227320563,1
False,False,1,True,False,0,0,False,0,False,False,False,True,0.15091559671648075,2
False,False,1,False,False,0,0,False,0,False,False,True,False,0.03641338665544096,1
False,False,0,False,False,0,1,False,1,False,False,False,False,0.350873500315723,0
False,True,1,False,False,0,0,False,1,False,False,False,True,0.350873500315723,5
False,True,0,True,False,1,1,False,0,False,False,False,False,0.16417596295516734,3
False,True,1,False,False,0,0,True,0,False,False,True,False,0.005262050094716902,0
False,False,1,False,False,0,0,False,0,False,False,False,False,0.004420122079562197,3
False,True,0,False,False,0,1,True,1,False,False,True,False,0.0545148389812671,2
False,True,0,True,False,1,1,False,0,False,False,False,False,0.006103978109871606,1
False,False,1,False,False,1,0,False,0,False,False,False,False,0.15091559671648075,1
True,False,0,False,False,1,1,False,0,False,False,False,True,0.350873500315723,1
False,False,1,False,False,0,0,False,0,False,False,False,False,0.350873500315723,1
False,False,0,False,False,0,0,True,0,False,False,False,False,0.350873500315723,4
True,False,1,False,False,0,0,False,0,False,False,False,True,0.350873500315723,4
False,False,1,False,False,1,0,False,0,True,False,False,False,0.15091559671648075,2
False,False,1,False,False,0,0,False,0,False,False,False,False,0.005262050094716902,1
False,True,1,False,False,0,0,False,1,False,False,False,True,0.350873500315723,2
False,False,1,False,False,0,0,False,0,False,False,False,False,0.350873500315723,4
False,False,0,True,False,0,1,False,0,False,False,False,False,0.350873500315723,4
False,True,0,False,False,1,1,False,0,False,False,False,False,0.16417596295516734,2
False,False,0,False,False,1,1,False,0,False,False,False,False,0.0025257840454641126,4
False,False,0,False,False,0,0,False,1,False,False,False,False,0.0545148389812671,1
False,False,1,False,True,0,0,False,1,False,False,False,True,0.350873500315723,1
False,True,1,False,False,0,0,True,0,False,False,True,False,0.350873500315723,1
False,True,1,False,True,0,0,False,0,False,False,False,True,0.350873500315723,3
True,True,1,False,False,0,0,True,1,False,False,True,False,0.350873500315723,1
False,True,1,False,True,0,0,False,0,False,False,False,True,0.029677962534203326,1
False,False,0,False,False,0,1,False,0,False,False,False,False,0.029677962534203326,4
False,True,1,False,True,0,0,False,0,False,False,False,False,0.350873500315723,1
False,True,1,False,False,0,0,False,0,False,False,False,True,0.350873500315723,1
False,True,1,False,True,0,0,False,0,False,False,False,True,0.02252157440538834,3
True,False,1,False,False,0,0,False,1,False,False,False,True,0.350873500315723,4
False,False,0,True,False,0,1,False,0,False,False,False,True,0.350873500315723,3
True,False,0,False,False,0,0,False,0,False,False,True,False,0.017470006314460114,0
False,True,1,False,False,0,0,True,0,False,False,False,True,0.350873500315723,1
False,False,1,False,False,0,0,True,1,False,False,False,True,0.350873500315723,2
False,False,0,False,False,0,1,False,1,False,False,False,False,0.15091559671648075,1
False,True,1,False,False,0,0,False,0,False,False,False,False,0.15091559671648075,4
False,False,1,False,False,0,0,False,0,False,False,False,True,0.350873500315723,2
False,False,1,True,False,0,0,False,0,False,False,False,False,0.15091559671648075,2
False,True,1,True,False,0,0,False,0,True,False,False,False,0.350873500315723,1
False,True,1,False,False,0,0,False,0,False,False,False,True,0.0545148389812671,1
False,False,1,False,True,0,0,False,0,False,False,False,False,0.16417596295516734,1
False,False,0,False,False,1,1,False,0,False,False,False,True,0.16417596295516734,1
False,True,0,False,False,0,0,True,0,False,False,False,True,0.15091559671648075,1
False,True,1,False,False,0,0,False,0,False,False,False,False,0.350873500315723,1
False,True,1,False,False,1,0,False,0,False,False,True,True,0.350873500315723,1
False,True,0,False,True,1,0,False,0,True,False,False,False,0.009261208166701748,2
True,False,0,False,False,1,1,False,0,False,False,False,False,0.350873500315723,1
False,True,0,True,False,0,1,False,0,False,False,False,True,0.15091559671648075,0
False,False,1,False,True,1,0,False,0,False,False,False,True,0.15091559671648075,2
False,False,1,False,False,0,0,False,0,False,False,False,False,0.005262050094716902,0
True,False,1,False,False,0,0,False,0,False,False,False,False,0.007787834140181015,1
False,True,0,False,False,0,1,True,0,True,False,False,False,0.012418438223531888,1
False,False,1,False,True,0,0,False,0,False,False,False,False,0.16417596295516734,1
False,False,1,False,False,0,0,True,0,False,False,True,False,0.15091559671648075,1
False,False,0,False,False,0,0,False,0,False,False,False,True,0.15091559671648075,5
False,False,1,False,False,0,0,False,1,False,False,False,True,0.15091559671648075,1
False,True,1,False,False,0,0,True,1,False,False,True,True,0.350873500315723,3
False,False,1,False,True,0,0,False,1,False,False,False,True,0.02252157440538834,3
False,True,1,False,False,0,0,True,0,True,False,True,False,0.350873500315723,1
False,False,1,False,False,0,0,True,0,False,False,False,True,0.350873500315723,3
False,False,1,False,False,0,0,True,0,False,False,False,False,0.350873500315723,1
False,False,1,False,False,0,0,False,0,False,False,False,False,0.350873500315723,4
False,False,1,False,False,0,0,False,0,False,False,False,True,0.15091559671648075,3
False,False,1,False,False,0,0,False,0,False,False,False,False,0.015154704272784677,5
False,False,1,True,False,0,0,False,0,False,False,True,True,0.350873500315723,1
False,True,1,False,False,0,0,True,0,False,False,False,True,0.15091559671648075,1
False,False,1,False,True,0,0,False,1,False,False,True,False,0.0014733740265207324,1
False,True,1,False,False,0,0,False,1,False,False,False,True,0.350873500315723,1
False,False,1,True,False,1,0,False,0,False,False,False,True,0.350873500315723,1
False,False,1,False,False,0,0,False,0,False,False,False,False,0.02252157440538834,1
False,True,0,True,False,0,0,False,0,False,False,False,False,0.16417596295516734,5
False,True,0,False,False,1,1,False,0,True,False,False,False,0.350873500315723,4
False,False,1,False,False,0,0,False,0,False,False,True,False,0.03641338665544096,1
False,False,0,False,False,0,1,False,1,False,False,False,False,0.15091559671648075,0
False,True,1,False,False,0,0,False,1,True,False,False,False,0.350873500315723,4
False,True,1,False,True,0,0,False,0,False,False,False,True,0.16417596295516734,1
False,True,1,False,False,0,0,True,0,False,False,False,True,0.003578194064407493,1
False,False,1,True,False,0,0,False,0,False,False,False,True,0.350873500315723,1
False,True,0,False,False,0,1,True,1,True,False,False,False,0.16417596295516734,4
False,False,1,True,False,0,0,False,0,True,False,False,False,0.012418438223531888,3
False,False,1,False,True,0,0,False,0,False,False,False,False,0.350873500315723,3
False,True,1,False,True,0,0,False,1,False,False,False,True,0.02252157440538834,4
False,True,1,False,False,0,0,False,0,False,False,False,True,0.16417596295516734,0
False,False,1,False,True,0,0,False,0,False,False,False,True,0.15091559671648075,1
False,False,0,True,False,0,0,False,0,False,False,False,False,0.02252157440538834,5
False,True,1,False,False,0,0,True,0,False,False,False,False,0.350873500315723,4
False,False,0,False,False,0,1,False,1,False,False,False,False,0.15091559671648075,0
True,False,1,False,False,0,0,True,0,False,False,False,True,0.01178699221216586,5
False,True,0,False,False,0,1,True,0,False,False,False,False,0.350873500315723,1
False,False,1,True,False,0,0,False,0,False,False,False,False,0.350873500315723,4
False,False,1,False,False,0,0,True,1,False,False,False,False,0.16417596295516734,5
False,True,1,True,False,0,0,False,1,False,False,False,True,0.350873500315723,3
False,False,1,False,False,0,0,True,0,False,False,False,False,0.350873500315723,4
False,False,1,False,False,0,0,False,1,False,False,False,True,0.15091559671648075,3
False,False,0,False,True,0,0,False,0,False,False,False,False,0.15091559671648075,1
False,False,1,True,False,0,0,False,0,True,False,False,False,0.350873500315723,4
False,False,1,False,False,0,0,False,0,False,False,False,False,0.029677962534203326,2
False,True,1,False,False,0,0,True,0,False,False,False,False,0.007787834140181015,4
False,False,0,False,False,0,1,True,0,False,False,True,False,0.01178699221216586,0
False,False,1,False,False,0,0,False,1,False,False,False,False,0.15091559671648075,1
False,False,1,False,True,0,0,False,1,False,False,True,True,0.002946748053041465,2
False,True,1,False,False,0,0,True,0,False,False,False,False,0.350873500315723,3
False,True,0,False,True,0,0,False,0,False,False,False,False,0.350873500315723,5
False,True,1,False,False,0,0,False,1,False,False,False,False,0.16417596295516734,0
False,False,1,False,True,1,0,False,0,False,False,False,True,0.15091559671648075,5
False,True,1,False,False,0,0,False,0,False,False,False,False,0.15091559671648075,1
False,True,1,False,True,0,0,False,0,False,False,False,False,0.0545148389812671,4
False,False,0,False,False,0,1,True,1,False,False,False,False,0.15091559671648075,1
False,True,0,False,True,0,1,False,0,False,False,False,False,0.350873500315723,4
False,False,0,True,False,0,0,False,0,True,False,False,False,0.350873500315723,3
False,True,1,True,False,0,0,False,1,False,False,False,False,0.350873500315723,2
False,False,1,False,False,0,0,False,0,False,False,False,False,0.03641338665544096,1
False,False,0,False,False,0,1,False,1,False,False,False,False,0.015154704272784677,1
False,True,1,False,False,0,0,False,0,False,False,False,True,0.15091559671648075,4
False,True,0,False,False,1,0,False,0,False,False,False,True,0.350873500315723,4
False,True,1,False,True,0,0,False,1,False,False,False,True,0.16417596295516734,0
False,True,0,False,False,0,1,False,0,False,False,False,True,0.15091559671648075,4
False,False,1,False,False,0,0,False,0,False,False,False,False,0.350873500315723,1
False,False,0,False,False,0,1,True,0,False,False,False,False,0.0545148389812671,1
False,True,0,False,False,0,0,False,0,False,False,True,False,0.350873500315723,5
False,True,0,True,False,0,0,False,0,False,False,False,True,0.350873500315723,4
True,False,0,False,False,0,0,False,0,False,False,True,False,0.03641338665544096,1
False,True,1,False,True,0,0,False,0,False,False,False,True,0.350873500315723,2
False,False,1,False,True,0,0,False,0,False,False,False,True,0.009261208166701748,1
False,True,0,False,True,0,1,False,0,False,False,False,True,0.350873500315723,4
True,True,0,False,False,0,0,False,0,False,False,False,True,0.16417596295516734,1
False,True,1,True,False,0,0,False,0,False,False,False,False,0.012418438223531888,3
False,False,1,False,False,0,0,True,0,False,False,False,False,0.16417596295516734,2
True,False,0,False,False,0,1,False,0,False,False,True,False,0.03641338665544096,1
False,True,0,False,False,1,1,False,0,False,False,False,False,0.16417596295516734,1
False,True,1,False,False,0,0,True,1,False,False,False,True,0.350873500315723,1
False,False,1,False,False,0,0,False,1,False,False,False,False,0.15091559671648075,1
False,True,0,True,False,0,1,False,1,False,False,False,True,0.16417596295516734,2
False,False,1,False,False,0,0,False,0,False,False,False,False,0.350873500315723,2
False,True,1,False,False,0,0,True,0,False,False,True,False,0.350873500315723,1
False,False,0,False,False,0,0,False,1,False,False,False,True,0.16417596295516734,5
False,True,1,False,False,0,0,True,0,False,False,False,False,0.0545148389812671,4
False,False,1,False,True,0,0,False,0,False,False,False,True,0.029677962534203326,1
False,False,0,False,False,0,1,True,0,False,False,False,True,0.15091559671648075,4
False,False,0,False,True,0,0,False,0,True,False,False,False,0.350873500315723,5
False,False,0,True,False,1,1,False,0,False,False,False,True,0.15091559671648075,4
False,False,1,False,False,0,0,False,0,False,False,False,False,0.03641338665544096,0
False,True,1,False,False,0,0,False,1,False,False,False,False,0.16417596295516734,1
False,False,0,False,True,0,0,False,0,False,False,False,True,0.15091559671648075,5
True,False,0,False,False,0,0,False,0,False,False,True,False,0.03641338665544096,1
False,False,0,False,False,0,1,False,0,False,False,False,True,0.0027362660492527887,1
False,True,0,False,False,0,1,True,1,False,False,False,True,0.16417596295516734,4
False,False,1,False,True,0,0,False,0,True,False,False,False,0.350873500315723,3
False,False,0,False,False,0,1,False,0,True,False,False,False,0.350873500315723,2
False,False,1,False,False,0,0,False,0,False,False,False,False,0.15091559671648075,0
False,False,1,False,False,0,0,False,0,False,False,False,False,0.0545148389812671,2
False,False,0,False,True,0,1,False,0,False,False,False,False,0.350873500315723,4
False,True,0,False,False,0,1,False,0,False,False,True,False,0.15091559671648075,0
False,True,1,False,False,0,0,False,0,False,False,True,False,0.15091559671648075,1
False,False,1,False,False,1,0,False,0,False,False,False,False,0.350873500315723,1
False,True,1,False,False,0,0,False,1,False,False,False,False,0.350873500315723,5
False,True,0,False,False,0,0,False,0,False,False,True,True,0.16417596295516734,1
False,False,1,True,False,0,0,False,0,False,False,False,True,0.16417596295516734,4
False,False,0,True,False,0,1,False,0,True,False,False,False,0.009261208166701748,4
True,False,1,False,False,0,0,False,0,False,False,False,False,0.007366870132603663,1
False,False,1,False,False,0,0,False,0,True,False,False,False,0.350873500315723,3
False,True,0,False,True,0,1,False,0,True,False,False,False,0.029677962534203326,4
False,False,1,False,False,0,0,False,0,False,False,True,False,0.009261208166701748,1
False,True,1,False,False,0,0,True,0,False,False,False,False,0.16417596295516734,0
False,False,1,False,False,1,0,False,0,False,False,True,False,0.015154704272784677,1
False,False,1,True,False,0,0,False,0,False,False,False,False,0.350873500315723,1
False,False,1,True,False,0,0,False,0,False,False,False,True,0.012418438223531888,3
False,True,0,False,False,0,1,True,0,False,False,False,False,0.15091559671648075,3
False,True,1,True,False,0,0,False,0,False,False,False,True,0.16417596295516734,1
False,True,0,False,False,0,0,False,0,True,False,True,False,0.16417596295516734,5
False,False,1,False,False,0,0,False,0,False,False,False,False,0.006314460113660282,1
True,True,1,False,False,1,0,True,0,False,False,True,False,0.15091559671648075,0
False,False,1,False,False,1,0,False,0,False,False,False,False,0.029677962534203326,4
False,False,1,False,False,0,0,False,1,False,False,False,True,0.15091559671648075,3
False,False,0,False,False,0,1,False,1,False,False,False,False,0.350873500315723,2
False,True,1,False,False,0,0,False,0,True,False,False,False,0.003578194064407493,1
False,True,0,True,False,0,1,False,1,False,False,False,True,0.350873500315723,4
False,False,1,False,False,0,0,False,0,False,False,False,False,0.03641338665544096,1
False,True,0,False,False,0,1,True,0,False,False,False,True,0.16417596295516734,2
True,False,1,False,False,0,0,True,0,False,False,True,False,0.16417596295516734,3
False,True,1,False,False,0,0,True,1,False,False,True,True,0.350873500315723,1
False,False,1,False,False,0,0,False,0,False,False,False,True,0.350873500315723,4
False,True,0,False,False,0,1,True,0,False,False,False,True,0.350873500315723,4
False,True,0,True,False,0,1,False,0,False,False,False,True,0.350873500315723,4
False,False,0,False,False,0,0,False,0,False,False,True,False,0.350873500315723,2
False,True,0,False,True,0,1,False,0,False,False,False,True,0.350873500315723,4
False,True,1,False,True,0,0,False,0,False,False,False,True,0.004420122079562197,1
False,False,0,False,False,0,0,True,0,False,False,False,True,0.350873500315723,1
False,False,1,True,False,0,0,False,0,True,True,True,False,0.015154704272784677,5
False,True,1,False,False,0,0,True,0,False,False,True,True,0.029677962534203326,1
False,False,0,False,False,0,1,False,0,False,False,False,True,0.15091559671648075,3
False,False,1,False,False,0,0,False,1,False,False,False,False,0.350873500315723,1
False,True,1,False,False,0,0,False,1,False,False,False,False,0.15091559671648075,1
True,False,1,False,False,0,0,True,1,False,False,True,False,0.01178699221216586,1
False,True,1,True,False,1,0,False,0,False,False,False,True,0.350873500315723,1
False,False,1,True,False,0,0,False,0,False,False,False,False,0.16417596295516734,3
False,True,0,False,True,0,0,False,0,False,False,False,True,0.350873500315723,4
False,False,1,True,False,0,0,False,0,False,False,False,True,0.350873500315723,3
False,False,1,False,False,1,0,True,0,False,False,True,True,0.350873500315723,1
False,True,1,False,False,0,0,False,0,False,False,False,True,0.003578194064407493,3
False,False,1,False,False,0,0,True,0,False,False,False,False,0.15091559671648075,4
False,False,0,False,False,1,0,False,0,True,False,False,False,0.350873500315723,5
False,False,1,False,False,0,0,False,0,True,False,False,False,0.0545148389812671,4
False,False,1,False,True,0,0,False,1,False,False,False,False,0.16417596295516734,4
False,False,1,False,False,0,0,True,0,False,False,False,False,0.350873500315723,3
False,False,1,False,False,0,0,False,0,False,False,False,False,0.0545148389812671,1
False,False,0,True,False,0,1,False,0,False,False,False,True,0.350873500315723,4
True,True,0,False,False,0,0,False,0,False,False,False,False,0.350873500315723,5
True,False,0,False,False,0,1,False,0,False,False,True,False,0.03641338665544096,1
False,True,1,True,False,0,0,False,0,False,False,False,False,0.029677962534203326,3
False,False,1,True,False,0,0,False,1,False,False,False,False,0.15091559671648075,3
False,True,1,False,False,0,0,True,1,False,False,False,True,0.350873500315723,1
True,True,1,True,False,1,0,False,0,False,False,False,True,0.350873500315723,1
False,True,0,True,False,0,1,False,0,True,False,False,False,0.350873500315723,3
False,True,0,True,False,1,1,False,0,True,False,False,False,0.350873500315723,4
False,True,0,False,False,0,1,False,1,False,False,False,True,0.350873500315723,4
False,True,1,False,False,0,0,True,0,False,False,False,True,0.16417596295516734,1
False,False,1,False,False,0,0,False,1,False,False,True,False,0.15091559671648075,5
False,False,0,False,False,0,0,True,0,False,False,True,True,0.16417596295516734,1
False,False,0,False,False,0,1,False,0,False,False,False,True,0.350873500315723,1
False,True,0,True,False,0,1,False,0,True,False,False,False,0.350873500315723,2
False,True,0,False,False,0,1,True,0,False,False,True,True,0.350873500315723,1
False,False,0,False,True,0,1,False,1,False,False,False,False,0.15091559671648075,1
False,True,0,False,False,0,1,True,0,False,False,False,False,0.350873500315723,2
False,True,1,False,False,0,0,True,1,False,False,False,True,0.15091559671648075,1
False,True,1,False,False,0,0,True,1,False,False,False,False,0.15091559671648075,1
False,True,0,False,False,0,1,False,0,False,True,False,False,0.350873500315723,0
False,False,0,True,False,0,1,False,0,False,False,False,False,0.16417596295516734,3
False,True,0,False,False,0,0,True,0,False,False,False,False,0.15091559671648075,5
False,False,1,True,False,0,0,False,1,False,False,False,True,0.16417596295516734,0
False,True,1,False,False,0,0,False,0,False,False,False,True,0.350873500315723,3
False,False,1,False,False,0,0,False,0,False,False,False,False,0.15091559671648075,2
False,True,0,False,True,0,0,False,0,True,False,False,False,0.350873500315723,5
False,True,0,False,False,0,1,False,0,False,False,False,True,0.15091559671648075,1
False,False,1,False,False,0,0,True,0,False,False,False,False,0.029677962534203326,3
False,False,1,False,False,0,0,False,0,False,False,False,False,0.16417596295516734,4
False,False,1,False,False,0,0,False,1,False,False,False,False,0.15091559671648075,3
False,False,1,False,True,0,0,False,1,False,False,False,False,0.350873500315723,1
False,False,0,False,False,0,1,False,1,False,False,False,False,0.350873500315723,4
False,True,0,False,False,0,1,False,0,False,False,False,False,0.350873500315723,2
False,False,1,False,False,0,0,False,0,False,False,True,False,0.16417596295516734,1
False,False,0,False,False,0,0,False,0,False,False,False,False,0.350873500315723,1
False,True,1,True,False,0,0,False,0,False,False,False,True,0.16417596295516734,1
False,True,1,False,True,0,0,False,0,False,False,False,True,0.16417596295516734,1
False,True,1,False,False,0,0,False,1,False,False,True,False,0.350873500315723,5
False,False,1,False,False,0,0,False,0,False,False,False,False,0.03641338665544096,1
False,True,1,True,False,0,0,False,1,False,False,False,True,0.15091559671648075,1
False,False,1,False,False,0,0,False,0,False,False,False,False,0.029677962534203326,3
False,True,1,False,False,0,0,True,0,False,False,True,False,0.0545148389812671,1
False,True,0,False,False,1,1,False,0,False,False,False,True,0.16417596295516734,4
False,False,1,False,False,0,0,False,1,False,False,False,False,0.029677962534203326,3
False,True,0,True,False,0,0,False,0,False,False,False,True,0.350873500315723,1
False,False,0,False,False,0,1,False,0,False,False,False,False,0.002946748053041465,4
False,False,0,False,True,1,1,False,0,False,False,False,False,0.15091559671648075,1
False,False,1,True,False,0,0,False,0,True,False,False,False,0.16417596295516734,4
False,False,0,False,True,0,0,False,0,False,False,False,False,0.16417596295516734,3
False,True,1,False,False,0,0,False,1,False,False,False,True,0.350873500315723,5
False,True,0,True,False,1,1,False,0,False,False,False,False,0.16417596295516734,1
False,False,0,False,False,0,1,False,0,False,False,False,True,0.005262050094716902,1
False,False,0,True,False,0,0,False,0,False,False,False,True,0.350873500315723,5
False,True,1,False,False,0,0,True,0,False,False,False,True,0.0545148389812671,0
False,False,0,False,False,0,0,False,0,False,False,False,True,0.350873500315723,5
False,True,1,False,False,0,0,False,0,False,False,False,False,0.350873500315723,1
False,True,0,False,True,0,1,False,0,False,False,False,False,0.0014733740265207324,4
False,False,0,False,False,0,1,True,0,False,False,False,False,0.012418438223531888,2
False,False,0,False,False,0,0,False,0,False,False,False,False,0.15091559671648075,5
False,False,1,True,False,0,0,False,0,True,False,False,False,0.005262050094716902,1
False,False,1,False,False,0,0,True,0,False,False,False,False,0.16417596295516734,3
True,True,1,False,True,0,0,False,0,False,False,False,False,0.15091559671648075,0
False,False,1,False,False,1,0,False,0,False,False,False,False,0.01178699221216586,0
False,False,0,True,False,0,1,False,1,False,False,False,False,0.15091559671648075,1
False,True,0,False,False,1,1,False,0,False,False,False,False,0.350873500315723,3
False,False,1,False,True,0,0,False,0,False,False,False,True,0.15091559671648075,1
False,True,0,False,False,1,0,False,0,False,False,False,True,0.01178699221216586,1
False,False,1,True,False,0,0,False,0,False,False,False,True,0.350873500315723,3
False,True,1,False,True,0,0,False,1,False,False,False,True,0.16417596295516734,1
False,False,1,False,False,0,0,False,0,False,False,False,False,0.16417596295516734,4
False,False,1,False,False,0,0,True,0,False,False,False,False,0.16417596295516734,4
False,True,0,True,False,0,0,False,0,False,False,True,False,0.350873500315723,5
False,True,1,False,False,0,0,True,1,False,False,False,False,0.006314460113660282,1
False,True,1,False,True,0,0,False,0,False,False,False,True,0.16417596295516734,4
False,False,0,False,False,0,0,False,0,False,False,True,False,0.009261208166701748,3
False,False,0,True,False,0,1,False,0,False,False,False,True,0.0010524100189433804,4
False,False,1,False,False,1,0,False,0,False,False,False,False,0.002946748053041465,1
False,True,1,False,False,0,0,False,0,False,False,False,False,0.350873500315723,3
False,True,1,False,False,0,0,False,1,False,False,False,False,0.16417596295516734,0
False,False,1,False,True,1,0,False,0,False,False,True,False,0.006103978109871606,5
False,False,0,False,False,0,1,True,1,False,False,False,True,0.350873500315723,4
False,True,0,False,False,0,1,False,0,False,False,False,True,0.00484108608713955,1
False,True,1,False,True,0,0,False,0,False,False,False,True,0.350873500315723,4
False,True,0,False,False,0,0,False,0,False,False,True,True,0.16417596295516734,1
False,False,0,False,False,0,1,False,1,False,False,False,True,0.350873500315723,4
False,False,1,True,False,0,0,False,1,False,False,False,False,0.350873500315723,1
False,False,0,False,False,0,1,False,0,False,False,False,True,0.15091559671648075,2
False,True,1,False,False,0,0,True,0,False,False,False,False,0.15091559671648075,0
False,False,0,False,True,0,1,False,1,False,False,False,True,0.02252157440538834,1
False,True,1,False,False,0,0,False,0,False,False,False,False,0.15091559671648075,3
False,False,1,False,False,0,0,False,0,False,False,True,False,0.03641338665544096,0
False,False,1,True,False,0,0,False,0,False,False,False,True,0.350873500315723,3
False,False,0,False,False,0,1,False,1,False,False,True,False,0.011576510208377183,1
False,False,1,False,False,0,0,False,0,False,False,True,False,0.011576510208377183,1
True,True,0,False,False,0,0,False,0,False,False,False,True,0.16417596295516734,0
True,False,1,False,False,0,0,False,0,False,False,False,False,0.017470006314460114,0
False,True,1,False,False,0,0,True,0,False,False,False,True,0.350873500315723,1
False,False,0,False,False,0,0,False,0,False,False,False,False,0.350873500315723,4
False,True,0,False,False,0,1,True,0,False,False,True,False,0.350873500315723,4
False,False,0,True,False,0,0,False,0,False,False,False,False,0.350873500315723,5
False,True,0,True,False,0,1,False,0,False,False,False,False,0.350873500315723,2
False,True,1,False,True,0,0,False,1,False,False,False,True,0.029677962534203326,1
False,False,1,False,False,0,0,False,0,False,False,False,True,0.15091559671648075,1
False,False,1,False,False,0,0,False,1,False,False,True,False,0.005262050094716902,1
True,True,1,False,False,0,0,False,0,False,False,False,True,0.350873500315723,5
False,False,0,False,False,0,0,False,0,False,False,False,False,0.0027362660492527887,3
False,True,1,False,False,0,0,False,0,False,False,False,False,0.15091559671648075,4
False,True,1,False,False,0,0,True,0,False,True,False,False,0.0004209640075773521,1
False,False,1,False,False,1,0,True,0,False,False,False,True,0.350873500315723,4
False,False,0,False,False,0,1,True,0,False,False,False,False,0.350873500315723,3
False,False,1,False,False,0,0,False,0,False,False,False,False,0.15091559671648075,3
False,True,1,False,False,0,0,False,1,False,False,False,True,0.350873500315723,0
False,False,1,False,False,0,0,False,0,False,False,False,False,0.15091559671648075,1
False,False,0,False,False,0,1,True,1,False,False,False,True,0.16417596295516734,4
False,False,0,False,False,0,1,True,0,False,False,False,True,0.350873500315723,4
False,False,0,False,False,0,0,True,0,False,False,False,False,0.0545148389812671,1
False,False,1,False,False,0,0,True,0,False,False,False,True,0.16417596295516734,0
False,False,1,True,False,0,0,False,0,False,False,False,False,0.16417596295516734,3
False,False,1,False,False,0,0,False,0,False,False,False,True,0.002946748053041465,1
False,False,0,False,False,0,1,True,0,False,False,False,False,0.006103978109871606,1
False,False,1,False,False,0,0,False,1,False,False,False,False,0.0545148389812671,1
False,False,1,False,False,0,0,False,0,False,False,False,False,0.006314460113660282,4
False,False,1,False,False,0,0,False,0,False,False,True,True,0.350873500315723,1
False,False,1,False,False,0,0,False,0,False,False,False,False,0.017470006314460114,1
False,False,1,True,False,0,0,False,0,False,False,False,True,0.16417596295516734,1
False,True,0,True,False,0,1,False,0,False,False,False,False,0.350873500315723,1
False,True,1,True,False,0,0,False,1,False,False,False,True,0.15091559671648075,2
False,True,1,True,False,0,0,False,0,False,False,False,True,0.15091559671648075,2
False,False,1,False,False,0,0,True,1,False,False,False,False,0.015154704272784677,4
False,False,0,False,False,1,1,False,0,False,False,False,True,0.16417596295516734,2
False,True,0,True,False,0,0,False,0,False,False,False,True,0.350873500315723,5
False,True,0,False,False,0,1,False,0,False,False,False,True,0.15091559671648075,4
False,False,1,False,False,1,0,False,0,False,False,False,False,0.350873500315723,5
True,True,1,False,True,0,0,False,0,False,False,False,True,0.350873500315723,4
False,True,1,False,False,1,0,True,0,True,False,True,False,0.350873500315723,1
False,True,1,False,False,0,0,True,0,True,False,True,False,0.350873500315723,4
False,False,0,False,False,0,0,True,0,False,False,False,True,0.003367712060618817,5
False,True,1,False,False,0,0,True,0,True,False,False,False,0.350873500315723,0
False,True,0,True,False,0,0,False,0,False,False,False,False,0.16417596295516734,5
False,False,1,False,False,1,0,False,0,False,False,False,True,0.15091559671648075,5
False,True,0,False,False,0,0,True,0,False,False,True,True,0.15091559671648075,1
True,False,0,False,False,0,1,False,0,False,False,True,False,0.011576510208377183,1
False,False,1,False,False,0,0,False,0,False,False,False,False,0.03641338665544096,1
False,True,1,False,False,0,0,True,0,True,False,False,False,0.16417596295516734,4
False,False,0,False,False,1,1,False,0,False,False,False,True,0.350873500315723,2
False,True,1,True,False,0,0,False,0,False,False,False,False,0.350873500315723,4
False,True,1,False,False,0,0,True,0,False,False,False,True,0.006103978109871606,1
False,False,0,False,False,0,1,True,1,False,False,False,False,0.350873500315723,4
False,True,1,False,True,0,0,False,0,False,True,False,True,0.350873500315723,3
False,True,0,False,False,0,1,True,0,False,False,True,False,0.0545148389812671,2
False,True,1,True,False,0,0,False,0,False,False,False,True,0.16417596295516734,3
False,False,1,True,False,0,0,False,0,False,False,False,True,0.350873500315723,1
False,False,1,True,False,0,0,False,0,False,False,False,True,0.350873500315723,4
False,False,0,False,False,0,1,False,0,False,False,False,False,0.03641338665544096,1
False,True,0,False,False,0,1,True,0,False,False,True,False,0.0006314460113660282,4
False,True,0,True,False,0,0,False,0,False,False,False,False,0.0545148389812671,2
False,True,0,False,False,0,1,False,1,False,False,False,False,0.16417596295516734,0
True,False,1,False,False,0,0,False,0,False,False,False,False,0.017470006314460114,1
False,False,0,False,False,0,1,False,0,False,False,False,False,0.017470006314460114,1
False,False,0,True,False,0,1,False,0,True,False,False,False,0.16417596295516734,4
False,True,1,False,False,0,0,False,1,False,False,False,True,0.006314460113660282,2
False,False,1,True,False,0,0,False,1,False,False,False,False,0.15091559671648075,1
False,False,1,False,False,0,0,True,0,False,False,True,True,0.0545148389812671,5
False,False,1,False,False,0,0,False,1,False,False,False,False,0.350873500315723,1
False,False,1,False,True,0,0,False,1,False,False,False,False,0.350873500315723,3
False,True,1,False,False,0,0,False,1,False,False,False,True,0.0004209640075773521,0
False,True,0,False,False,0,1,False,0,False,False,False,False,0.02252157440538834,3
False,True,1,True,False,0,0,False,0,False,False,False,False,0.350873500315723,3
False,True,1,True,False,0,0,False,0,True,False,False,False,0.16417596295516734,1
False,False,1,False,False,0,0,False,1,False,False,False,True,0.350873500315723,1
False,True,1,False,False,1,0,True,0,False,False,True,True,0.350873500315723,1
False,True,1,False,False,0,0,True,0,True,False,False,False,0.16417596295516734,1
False,True,0,False,False,0,0,True,0,False,False,True,False,0.029677962534203326,4
False,False,0,False,True,0,1,False,0,False,False,False,True,0.16417596295516734,2
False,False,1,False,False,0,0,False,1,False,False,False,False,0.017470006314460114,1
False,True,0,False,True,0,0,False,0,False,False,False,True,0.16417596295516734,1
False,True,0,False,False,0,1,False,1,False,False,False,False,0.350873500315723,4
False,True,1,False,False,1,0,True,0,False,False,False,False,0.350873500315723,2
False,False,1,False,False,0,0,False,1,False,False,False,False,0.00484108608713955,1
False,True,0,False,False,0,0,True,0,False,False,False,False,0.350873500315723,1
False,True,1,False,False,0,0,False,0,False,False,False,True,0.16417596295516734,1
False,True,1,False,False,1,0,False,0,False,False,False,False,0.350873500315723,1
True,True,0,True,False,1,0,False,0,False,False,False,True,0.350873500315723,0
False,True,1,True,False,1,0,False,0,True,False,False,False,0.16417596295516734,3
False,False,1,True,False,0,0,False,0,False,False,False,True,0.16417596295516734,4
False,True,0,False,False,0,1,True,0,False,False,True,True,0.16417596295516734,1
False,False,1,True,False,0,0,False,0,False,False,False,True,0.003578194064407493,3
False,False,1,False,False,0,0,False,0,False,False,False,False,0.017470006314460114,5
False,True,0,False,False,0,1,True,0,True,False,False,False,0.350873500315723,4
False,True,0,True,False,0,1,False,0,True,False,False,False,0.005262050094716902,3
False,False,0,False,False,0,0,False,1,False,False,False,True,0.15091559671648075,0
False,True,1,False,False,0,0,False,0,False,False,False,True,0.350873500315723,1
False,True,1,True,False,0,0,False,0,False,False,False,True,0.16417596295516734,2
False,False,1,False,False,0,0,False,0,False,False,False,False,0.017470006314460114,1
False,False,1,False,True,0,0,False,1,False,False,False,False,0.16417596295516734,1
False,True,0,False,False,0,1,False,0,False,False,False,False,0.350873500315723,1
False,True,1,False,False,0,0,False,0,False,False,True,False,0.350873500315723,1
False,False,1,False,False,0,0,True,0,True,False,False,False,0.16417596295516734,1
True,False,0,False,False,1,0,False,0,False,False,False,False,0.017470006314460114,4
False,False,0,False,False,0,1,False,0,False,False,False,False,0.15091559671648075,3
False,True,0,False,False,0,1,False,0,False,False,False,True,0.16417596295516734,1
False,False,1,False,False,0,0,False,0,False,False,False,False,0.017470006314460114,5
False,False,0,True,False,0,0,False,0,False,False,False,True,0.16417596295516734,5
False,True,0,True,False,0,0,False,0,True,False,False,False,0.350873500315723,5
False,True,0,False,False,0,0,False,0,False,False,False,True,0.350873500315723,5
True,True,1,True,False,1,0,False,0,False,False,False,True,0.350873500315723,1
False,False,0,False,True,0,1,False,1,False,False,True,False,0.15091559671648075,1
False,False,1,False,False,0,0,True,0,False,False,False,False,0.16417596295516734,2
False,False,1,True,False,0,0,False,0,False,False,True,False,0.16417596295516734,1
False,False,0,False,False,0,1,False,0,False,False,False,False,0.015154704272784677,0
False,True,1,True,False,0,0,False,0,False,False,False,False,0.350873500315723,2
False,False,1,False,False,1,0,False,0,False,False,False,False,0.015154704272784677,1
False,True,1,False,False,0,0,True,0,False,False,True,False,0.350873500315723,5
False,True,0,False,False,0,1,True,1,False,False,False,True,0.350873500315723,4
False,False,1,False,False,0,0,True,0,False,False,True,True,0.0545148389812671,1
False,True,1,False,False,0,0,True,1,False,False,False,True,0.350873500315723,1
True,True,1,False,False,0,0,False,0,False,False,False,False,0.16417596295516734,3
False,True,1,False,False,1,0,True,0,True,False,False,False,0.16417596295516734,4
True,True,0,False,False,0,0,False,1,False,False,False,False,0.16417596295516734,1
False,False,1,False,False,0,0,False,0,False,False,False,False,0.350873500315723,1
False,False,1,False,True,0,0,False,0,False,False,False,False,0.16417596295516734,1
False,True,1,False,False,0,0,False,0,False,False,False,False,0.15091559671648075,1
False,True,0,True,False,0,1,False,1,False,False,True,False,0.350873500315723,1
False,True,1,False,False,0,0,False,0,False,False,False,True,0.15091559671648075,1
False,True,1,False,True,0,0,False,0,True,False,True,False,0.0018943380340980846,1
False,False,0,False,True,0,1,False,0,False,False,False,True,0.012418438223531888,4
False,False,1,False,False,0,0,True,1,False,False,False,True,0.15091559671648075,3
False,False,1,False,False,0,0,False,0,False,False,False,False,0.005262050094716902,1
False,True,1,False,True,0,0,False,0,False,False,False,False,0.15091559671648075,3
False,False,0,True,False,0,1,False,0,False,False,False,False,0.16417596295516734,4
False,True,0,False,False,0,1,False,0,False,False,False,False,0.350873500315723,1
False,True,0,False,False,0,1,False,0,False,False,False,True,0.16417596295516734,3
False,True,0,False,False,0,1,False,0,False,False,False,True,0.350873500315723,3
False,True,1,False,False,0,0,False,1,False,False,False,True,0.005262050094716902,1
False,True,0,False,False,0,1,False,0,False,False,False,False,0.350873500315723,5
False,False,0,True,False,0,1,False,0,True,False,False,False,0.15091559671648075,4
False,False,0,False,False,0,0,True,0,False,False,False,True,0.350873500315723,4
False,True,0,False,False,0,0,True,0,False,False,True,False,0.003157230056830141,1
True,True,0,False,False,0,0,True,1,False,False,False,False,0.350873500315723,1
False,False,0,False,False,0,1,False,1,False,False,False,False,0.350873500315723,1
True,False,0,False,False,0,0,False,0,False,False,True,False,0.03641338665544096,1
False,True,0,False,False,0,1,True,0,False,False,True,False,0.16417596295516734,3
False,True,1,False,False,0,0,True,0,False,False,False,True,0.16417596295516734,2
True,False,0,True,False,0,1,False,0,False,False,False,True,0.350873500315723,4
False,True,1,False,False,0,0,False,0,True,False,False,False,0.350873500315723,3
False,False,0,True,False,0,1,False,0,False,False,False,True,0.350873500315723,4
False,True,1,True,False,0,0,False,0,False,False,False,False,0.16417596295516734,1
False,False,1,False,False,0,0,False,0,False,False,True,False,0.015154704272784677,1
False,False,1,False,False,0,0,True,0,False,False,False,False,0.15091559671648075,3
False,False,1,False,False,0,0,False,1,False,False,False,False,0.350873500315723,1
False,True,1,False,False,0,0,False,0,True,False,False,False,0.350873500315723,1
True,False,0,False,False,0,0,False,0,False,False,True,False,0.03641338665544096,1
False,True,0,True,False,0,1,False,0,True,False,False,False,0.350873500315723,1
False,False,1,True,False,0,0,False,1,False,False,False,True,0.350873500315723,1
False,False,1,False,False,0,0,True,1,False,False,False,True,0.15091559671648075,1
False,True,1,False,False,0,0,True,1,False,False,False,True,0.0545148389812671,1
False,False,1,True,False,0,0,False,0,False,False,False,True,0.012418438223531888,4
False,False,1,False,True,0,0,False,1,False,False,False,True,0.15091559671648075,5
False,True,0,False,True,0,1,False,0,False,False,False,True,0.350873500315723,4
False,True,0,False,False,1,1,False,0,False,False,False,False,0.350873500315723,4
False,True,1,False,False,0,0,False,0,False,False,False,False,0.005262050094716902,1
False,True,0,True,False,0,0,False,0,False,False,False,False,0.16417596295516734,5
False,False,1,False,False,1,0,False,0,False,False,False,True,0.15091559671648075,5
False,False,1,False,False,0,0,False,1,False,False,False,False,0.15091559671648075,5
False,True,1,False,False,0,0,True,0,False,False,True,True,0.350873500315723,0
False,True,1,False,False,0,0,True,0,False,False,False,True,0.15091559671648075,4
True,True,0,True,False,0,1,False,1,False,False,False,False,0.006314460113660282,4
False,False,0,True,False,0,1,False,0,True,False,False,False,0.15091559671648075,1
False,False,0,False,False,0,1,False,0,False,False,False,False,0.017470006314460114,1
False,True,1,False,False,0,0,True,0,False,False,False,False,0.02252157440538834,2
True,False,1,False,False,0,0,False,1,False,False,True,False,0.350873500315723,1
